Date,SPY,VIXCLS,T10Y2Y,T10Y3M,sret
2010-01-05,84.802368,19.350000,2.760000,3.700000,0.002643
2010-01-06,84.862099,19.160000,2.840000,3.790000,0.000704
2010-01-07,85.220329,19.060000,2.820000,3.800000,0.004212
2010-01-08,85.503891,18.130000,2.870000,3.780000,0.003322
2010-01-11,85.623329,17.550000,2.900000,3.810000,0.001396
2010-01-12,84.824760,18.250000,2.820000,3.690000,-0.009370
2010-01-13,85.541176,17.850000,2.830000,3.740000,0.008410
2010-01-14,85.772568,17.630000,2.820000,3.710000,0.002701
2010-01-15,84.809830,17.910000,2.810000,3.640000,-0.011288
2010-01-19,85.869583,17.580000,2.800000,3.670000,0.012418
2010-01-20,84.996391,18.680000,2.760000,3.630000,-0.010221
2010-01-21,83.361984,22.270000,2.750000,3.560000,-0.019416
2010-01-22,81.503731,27.310000,2.780000,3.560000,-0.022544
2010-01-25,81.921638,25.410000,2.800000,3.600000,0.005114
2010-01-26,81.578331,24.550000,2.780000,3.580000,-0.004199
2010-01-27,81.966446,23.140000,2.760000,3.580000,0.004746
2010-01-28,81.026093,23.730000,2.810000,3.600000,-0.011539
2010-01-29,80.145447,24.620000,2.810000,3.550000,-0.010928
2010-02-01,81.391754,22.590000,2.820000,3.580000,0.015431
2010-02-02,82.376884,21.480000,2.810000,3.570000,0.012031
2010-02-03,81.966446,21.600000,2.850000,3.630000,-0.004995
2010-02-04,79.436447,26.080000,2.820000,3.530000,-0.031353
2010-02-05,79.600639,26.110000,2.820000,3.490000,0.002065
2010-02-08,79.025978,26.510000,2.830000,3.500000,-0.007245
2010-02-09,80.018555,26.000000,2.830000,3.550000,0.012482
2010-02-10,79.861870,25.400000,2.810000,3.610000,-0.001960
2010-02-11,80.697701,23.960000,2.820000,3.620000,0.010412
2010-02-12,80.630531,22.730000,2.850000,3.590000,-0.000833
2010-02-16,81.899300,22.250000,2.840000,3.560000,0.015613
2010-02-17,82.287338,21.720000,2.870000,3.640000,0.004727
2010-02-18,82.772430,20.630000,2.890000,3.690000,0.005878
2010-02-19,82.944107,20.020000,2.830000,3.670000,0.002072
2010-02-22,82.958984,19.940000,2.890000,3.690000,0.000179
2010-02-23,81.951500,21.370000,2.820000,3.570000,-0.012219
2010-02-24,82.705261,20.270000,2.830000,3.580000,0.009156
2010-02-25,82.593307,20.100000,2.820000,3.510000,-0.001355
2010-02-26,82.645554,19.500000,2.800000,3.480000,0.000632
2010-03-01,83.503815,19.260000,2.810000,3.480000,0.010331
2010-03-02,83.735161,19.060000,2.820000,3.480000,0.002767
2010-03-03,83.809792,18.830000,2.810000,3.490000,0.000891
2010-03-04,84.063522,18.720000,2.750000,3.470000,0.003023
2010-03-05,85.265068,17.420000,2.780000,3.540000,0.014192
2010-03-08,85.280014,17.790000,2.820000,3.560000,0.000175
2010-03-09,85.421806,17.920000,2.820000,3.550000,0.001661
2010-03-10,85.802391,18.570000,2.810000,3.580000,0.004445
2010-03-11,86.160645,18.060000,2.760000,3.570000,0.004167
2010-03-12,86.168106,17.580000,2.740000,3.560000,0.000087
2010-03-15,86.190475,18.000000,2.750000,3.540000,0.000260
2010-03-16,86.877098,17.690000,2.730000,3.500000,0.007935
2010-03-17,87.392052,16.910000,2.700000,3.500000,0.005910
2010-03-18,87.347252,16.620000,2.700000,3.520000,-0.000513
2010-03-19,86.905151,16.970000,2.680000,3.540000,-0.005074
2010-03-22,87.369751,16.870000,2.660000,3.520000,0.005332
2010-03-23,87.984222,16.350000,2.670000,3.550000,0.007008
2010-03-24,87.557091,17.550000,2.760000,3.700000,-0.004866
2010-03-25,87.414688,18.400000,2.810000,3.770000,-0.001628
2010-03-26,87.362244,17.770000,2.820000,3.720000,-0.000600
2010-03-29,87.916817,17.590000,2.840000,3.730000,0.006328
2010-03-30,87.976723,17.130000,2.820000,3.720000,0.000681
2010-03-31,87.676994,17.590000,2.820000,3.680000,-0.003413
2010-04-01,88.276512,17.470000,2.840000,3.730000,0.006815
2010-04-05,88.995903,17.020000,2.830000,3.830000,0.008116
2010-04-06,89.205742,16.230000,2.840000,3.810000,0.002355
2010-04-07,88.696129,16.620000,2.830000,3.720000,-0.005729
2010-04-08,89.003365,16.480000,2.820000,3.740000,0.003458
2010-04-09,89.587891,16.140000,2.820000,3.740000,0.006546
2010-04-12,89.730270,15.580000,2.800000,3.710000,0.001588
2010-04-13,89.797707,16.200000,2.770000,3.680000,0.000751
2010-04-14,90.816864,15.590000,2.810000,3.720000,0.011286
2010-04-15,90.891808,15.890000,2.820000,3.700000,0.000825
2010-04-16,89.445480,18.360000,2.810000,3.630000,-0.016041
2010-04-19,89.782722,17.340000,2.820000,3.670000,0.003763
2010-04-20,90.584572,15.730000,2.770000,3.660000,0.008891
2010-04-21,90.419708,16.320000,2.740000,3.620000,-0.001822
2010-04-22,90.689484,16.470000,2.730000,3.640000,0.002979
2010-04-23,91.281464,16.620000,2.740000,3.680000,0.006506
2010-04-26,90.936745,17.470000,2.740000,3.670000,-0.003784
2010-04-27,88.786087,22.810000,2.680000,3.550000,-0.023934
2010-04-28,89.460472,21.080000,2.770000,3.640000,0.007567
2010-04-29,90.569588,18.440000,2.750000,3.590000,0.012322
2010-04-30,89.033363,22.050000,2.720000,3.530000,-0.017107
2010-05-03,90.187416,20.190000,2.720000,3.550000,0.012879
2010-05-04,88.066635,23.840000,2.670000,3.470000,-0.023796
2010-05-05,87.542076,24.910000,2.700000,3.430000,-0.005974
2010-05-06,84.634514,32.800000,2.660000,3.300000,-0.033777
2010-05-07,83.375572,40.950000,2.620000,3.320000,-0.014987
2010-05-10,87.047531,28.840000,2.700000,3.410000,0.043099
2010-05-11,86.800201,28.320000,2.710000,3.400000,-0.002845
2010-05-12,88.014214,25.520000,2.670000,3.400000,0.013889
2010-05-13,86.920067,26.680000,2.680000,3.390000,-0.012509
2010-05-14,85.346428,31.240000,2.650000,3.280000,-0.018270
2010-05-17,85.391373,30.840000,2.660000,3.310000,0.000526
2010-05-18,84.229866,33.550000,2.620000,3.210000,-0.013696
2010-05-19,83.750229,35.320000,2.560000,3.190000,-0.005711
2010-05-20,80.587875,45.790000,2.490000,3.080000,-0.038491
2010-05-21,81.764420,40.100000,2.440000,3.030000,0.014494
2010-05-24,80.715271,38.320000,2.460000,3.060000,-0.012914
2010-05-25,80.797714,34.610000,2.370000,3.010000,0.001021
2010-05-26,80.310600,35.020000,2.390000,3.040000,-0.006047
2010-05-27,83.000885,29.680000,2.470000,3.170000,0.032950
2010-05-28,81.959251,32.070000,2.550000,3.150000,-0.012629
2010-06-01,80.580383,35.540000,2.510000,3.130000,-0.016967
2010-06-02,82.678650,30.170000,2.530000,3.190000,0.025706
2010-06-03,82.963402,29.460000,2.570000,3.250000,0.003438
2010-06-04,80.048363,35.480000,2.480000,3.060000,-0.035769
2010-06-07,79.051666,36.570000,2.430000,3.050000,-0.012529
2010-06-08,79.898453,33.700000,2.440000,3.060000,0.010655
2010-06-09,79.471321,33.730000,2.460000,3.100000,-0.005360
2010-06-10,81.794373,30.570000,2.540000,3.230000,0.028812
2010-06-11,82.191559,28.790000,2.490000,3.160000,0.004844
2010-06-14,82.064156,28.580000,2.510000,3.210000,-0.001551
2010-06-15,83.930115,25.870000,2.530000,3.230000,0.022483
2010-06-16,83.900139,25.920000,2.520000,3.170000,-0.000357
2010-06-17,84.035011,25.050000,2.490000,3.120000,0.001606
2010-06-18,84.126129,23.950000,2.500000,3.130000,0.001084
2010-06-21,83.885201,24.880000,2.520000,3.140000,-0.002868
2010-06-22,82.499779,27.050000,2.470000,3.050000,-0.016654
2010-06-23,82.243759,26.910000,2.470000,3.000000,-0.003108
2010-06-24,80.880959,29.740000,2.470000,3.010000,-0.016709
2010-06-25,81.219772,28.530000,2.470000,2.990000,0.004180
2010-06-28,80.963791,29.000000,2.430000,2.880000,-0.003157
2010-06-29,78.464005,34.130000,2.360000,2.820000,-0.031362
2010-06-30,77.718613,34.540000,2.360000,2.790000,-0.009545
2010-07-01,77.372269,32.860000,2.330000,2.790000,-0.004466
2010-07-02,76.950569,30.120000,2.370000,2.830000,-0.005465
2010-07-06,77.455070,29.650000,2.330000,2.780000,0.006535
2010-07-07,79.894600,26.840000,2.370000,2.840000,0.031010
2010-07-08,80.685196,25.710000,2.410000,2.890000,0.009847
2010-07-09,81.287521,24.980000,2.440000,2.910000,0.007437
2010-07-12,81.340240,24.430000,2.430000,2.920000,0.000648
2010-07-13,82.567528,24.560000,2.480000,3.000000,0.014976
2010-07-14,82.559990,24.890000,2.450000,2.920000,-0.000091
2010-07-15,82.582611,25.140000,2.390000,2.850000,0.000274
2010-07-16,80.308731,26.250000,2.350000,2.810000,-0.027921
2010-07-19,80.783051,25.970000,2.380000,2.820000,0.005889
2010-07-20,81.679031,23.930000,2.370000,2.820000,0.011030
2010-07-21,80.617424,25.640000,2.320000,2.740000,-0.013083
2010-07-22,82.416939,24.630000,2.360000,2.800000,0.022076
2010-07-23,83.132271,23.470000,2.420000,2.860000,0.008642
2010-07-26,83.998154,22.730000,2.410000,2.870000,0.010362
2010-07-27,83.990593,23.190000,2.430000,2.930000,-0.000090
2010-07-28,83.448509,24.250000,2.420000,2.880000,-0.006475
2010-07-29,83.041885,24.130000,2.440000,2.880000,-0.004885
2010-07-30,83.026863,23.500000,2.390000,2.790000,-0.000181
2010-08-02,84.901680,22.010000,2.430000,2.830000,0.022330
2010-08-03,84.495071,22.630000,2.410000,2.780000,-0.004801
2010-08-04,85.059776,22.210000,2.420000,2.820000,0.006661
2010-08-05,84.969421,22.100000,2.410000,2.790000,-0.001063
2010-08-06,84.623077,21.740000,2.360000,2.710000,-0.004084
2010-08-09,85.074806,22.140000,2.320000,2.710000,0.005324
2010-08-10,84.615540,22.370000,2.270000,2.640000,-0.005413
2010-08-11,82.296463,25.390000,2.180000,2.570000,-0.027790
2010-08-12,81.792023,25.730000,2.190000,2.580000,-0.006148
2010-08-13,81.551086,26.240000,2.140000,2.530000,-0.002950
2010-08-16,81.513420,26.100000,2.070000,2.420000,-0.000462
2010-08-17,82.514854,24.330000,2.120000,2.470000,0.012211
2010-08-18,82.665413,24.590000,2.130000,2.480000,0.001823
2010-08-19,81.227333,26.440000,2.090000,2.420000,-0.017549
2010-08-20,80.963791,25.490000,2.130000,2.470000,-0.003250
2010-08-23,80.655060,25.660000,2.110000,2.440000,-0.003820
2010-08-24,79.457886,27.460000,2.000000,2.340000,-0.014954
2010-08-25,79.766586,26.700000,2.010000,2.380000,0.003878
2010-08-26,79.232010,27.370000,1.990000,2.340000,-0.006724
2010-08-27,80.459305,24.450000,2.100000,2.510000,0.015371
2010-08-30,79.292236,27.210000,2.040000,2.400000,-0.014611
2010-08-31,79.292236,26.050000,2.000000,2.330000,0.000000
2010-09-01,81.664032,23.890000,2.080000,2.450000,0.029473
2010-09-02,82.424477,23.190000,2.130000,2.490000,0.009269
2010-09-03,83.493660,21.310000,2.200000,2.580000,0.012888
2010-09-07,82.552460,23.800000,2.120000,2.470000,-0.011337
2010-09-08,83.132271,23.250000,2.140000,2.520000,0.006999
2010-09-09,83.516220,22.810000,2.200000,2.630000,0.004608
2010-09-10,83.937904,21.990000,2.230000,2.670000,0.005036
2010-09-13,84.871574,21.210000,2.210000,2.590000,0.011062
2010-09-14,84.818825,21.560000,2.180000,2.530000,-0.000622
2010-09-15,85.142570,22.100000,2.240000,2.590000,0.003810
2010-09-16,85.120049,21.720000,2.290000,2.610000,-0.000265
2010-09-17,85.151794,22.010000,2.270000,2.590000,0.000373
2010-09-20,86.453796,21.500000,2.250000,2.550000,0.015175
2010-09-21,86.279701,22.350000,2.180000,2.440000,-0.002016
2010-09-22,85.855789,22.510000,2.120000,2.400000,-0.004925
2010-09-23,85.159340,23.870000,2.110000,2.400000,-0.008145
2010-09-24,86.915535,21.710000,2.170000,2.470000,0.020413
2010-09-27,86.499222,22.540000,2.100000,2.380000,-0.004801
2010-09-28,86.801994,22.600000,2.110000,2.320000,0.003494
2010-09-29,86.650620,23.250000,2.080000,2.360000,-0.001745
2010-09-30,86.393219,23.700000,2.110000,2.370000,-0.002975
2010-10-01,86.756569,22.500000,2.120000,2.380000,0.004197
2010-10-04,86.105598,23.530000,2.090000,2.370000,-0.007532
2010-10-05,87.839058,21.760000,2.090000,2.380000,0.019932
2010-10-06,87.831467,21.490000,2.030000,2.280000,-0.000086
2010-10-07,87.725487,21.560000,2.050000,2.280000,-0.001207
2010-10-08,88.217537,20.710000,2.060000,2.290000,0.005593
2010-10-11,88.300804,18.960000,2.060000,2.290000,0.000943
2010-10-12,88.573296,18.930000,2.070000,2.310000,0.003081
2010-10-13,89.262169,19.070000,2.090000,2.330000,0.007747
2010-10-14,88.913956,19.880000,2.140000,2.380000,-0.003909
2010-10-15,89.095604,19.030000,2.220000,2.450000,0.002041
2010-10-18,89.534660,19.090000,2.140000,2.370000,0.004916
2010-10-19,88.361382,20.630000,2.130000,2.360000,-0.013191
2010-10-20,89.224312,19.790000,2.160000,2.370000,0.009719
2010-10-21,89.421120,19.270000,2.200000,2.440000,0.002203
2010-10-22,89.587646,18.780000,2.240000,2.460000,0.001861
2010-10-25,89.852608,19.850000,2.220000,2.450000,0.002953
2010-10-26,89.867744,20.220000,2.270000,2.530000,0.000168
2010-10-27,89.610367,20.710000,2.350000,2.610000,-0.002868
2010-10-28,89.625511,20.880000,2.320000,2.560000,0.000169
2010-10-29,89.693642,21.200000,2.290000,2.510000,0.000760
2010-11-01,89.723907,21.830000,2.320000,2.530000,0.000337
2010-11-02,90.435463,21.570000,2.290000,2.500000,0.007899
2010-11-03,90.798813,19.560000,2.330000,2.540000,0.004010
2010-11-04,92.547455,18.520000,2.200000,2.400000,0.019075
2010-11-05,92.895622,18.260000,2.200000,2.450000,0.003755
2010-11-08,92.721519,18.290000,2.190000,2.470000,-0.001876
2010-11-09,92.055389,19.080000,2.260000,2.590000,-0.007210
2010-11-10,92.426338,18.470000,2.210000,2.520000,0.004022
2010-11-11,92.078094,18.640000,2.210000,2.520000,-0.003775
2010-11-12,90.988075,20.610000,2.250000,2.630000,-0.011909
2010-11-15,90.859360,20.200000,2.390000,2.780000,-0.001416
2010-11-16,89.443802,22.580000,2.340000,2.700000,-0.015702
2010-11-17,89.489258,21.760000,2.390000,2.750000,0.000508
2010-11-18,90.806374,18.750000,2.380000,2.750000,0.014611
2010-11-19,91.056198,18.040000,2.360000,2.740000,0.002747
2010-11-22,90.980469,18.370000,2.310000,2.650000,-0.000832
2010-11-23,89.663330,20.630000,2.320000,2.620000,-0.014583
2010-11-24,90.988075,19.560000,2.400000,2.770000,0.014667
2010-11-26,89.928291,22.220000,2.360000,2.710000,-0.011716
2010-11-29,90.200806,21.530000,2.320000,2.660000,0.003026
2010-11-30,89.693642,23.540000,2.360000,2.640000,-0.005638
2010-12-01,91.601196,21.360000,2.440000,2.810000,0.021044
2010-12-02,92.774536,19.390000,2.460000,2.850000,0.012728
2010-12-03,93.024323,18.010000,2.540000,2.890000,0.002689
2010-12-06,92.925888,18.020000,2.530000,2.800000,-0.001059
2010-12-07,92.978889,17.990000,2.610000,3.010000,0.000570
2010-12-08,93.319534,17.740000,2.630000,3.110000,0.003657
2010-12-09,93.682884,17.250000,2.590000,3.090000,0.003886
2010-12-10,94.227905,17.610000,2.680000,3.190000,0.005801
2010-12-13,94.288475,17.550000,2.680000,3.140000,0.000643
2010-12-14,94.371742,17.610000,2.830000,3.340000,0.000883
2010-12-15,93.940262,17.940000,2.850000,3.390000,-0.004583
2010-12-16,94.485268,17.390000,2.810000,3.340000,0.005785
2010-12-17,94.586479,16.110000,2.720000,3.220000,0.001071
2010-12-20,94.814751,16.410000,2.740000,3.220000,0.002410
2010-12-21,95.415924,16.490000,2.720000,3.210000,0.006320
2010-12-22,95.712692,15.450000,2.710000,3.220000,0.003105
2010-12-23,95.575706,16.470000,2.740000,3.270000,-0.001432
2010-12-27,95.613762,17.670000,2.650000,3.190000,0.000398
2010-12-28,95.750740,17.520000,2.750000,3.350000,0.001432
2010-12-29,95.819229,17.280000,2.710000,3.220000,0.000715
2010-12-30,95.667038,17.520000,2.720000,3.260000,-0.001590
2010-12-31,95.689873,17.750000,2.690000,3.180000,0.000239
2011-01-03,96.679115,17.610000,2.750000,3.210000,0.010285
2011-01-04,96.625824,17.380000,2.730000,3.220000,-0.000551
2011-01-05,97.128075,17.020000,2.790000,3.360000,0.005184
2011-01-06,96.937820,17.400000,2.760000,3.290000,-0.001961
2011-01-07,96.747574,17.140000,2.740000,3.200000,-0.001964
2011-01-10,96.625824,17.540000,2.730000,3.170000,-0.001259
2011-01-11,96.968262,16.890000,2.770000,3.220000,0.003538
2011-01-12,97.843330,16.240000,2.790000,3.250000,0.008984
2011-01-13,97.683578,16.390000,2.750000,3.190000,-0.001634
2011-01-14,98.391235,15.460000,2.760000,3.200000,0.007218
2011-01-18,98.558632,15.870000,2.790000,3.230000,0.001700
2011-01-19,97.592255,17.310000,2.770000,3.210000,-0.009853
2011-01-20,97.462875,17.990000,2.820000,3.310000,-0.001327
2011-01-21,97.683578,18.470000,2.810000,3.280000,0.002262
2011-01-24,98.239082,17.650000,2.780000,3.270000,0.005671
2011-01-25,98.292328,17.590000,2.730000,3.190000,0.000542
2011-01-26,98.672791,16.640000,2.830000,3.290000,0.003863
2011-01-27,98.916328,16.150000,2.830000,3.270000,0.002465
2011-01-28,97.188934,20.040000,2.820000,3.210000,-0.017617
2011-01-31,97.919449,19.530000,2.840000,3.270000,0.007488
2011-02-01,99.487015,17.630000,2.870000,3.330000,0.015882
2011-02-02,99.296806,17.300000,2.850000,3.360000,-0.001914
2011-02-03,99.517464,16.690000,2.870000,3.440000,0.002220
2011-02-04,99.799004,15.930000,2.910000,3.530000,0.002825
2011-02-07,100.422997,16.280000,2.900000,3.520000,0.006233
2011-02-08,100.879570,15.810000,2.890000,3.600000,0.004536
2011-02-09,100.651299,15.870000,2.840000,3.510000,-0.002265
2011-02-10,100.689323,16.090000,2.850000,3.580000,0.000378
2011-02-11,101.290466,15.690000,2.790000,3.520000,0.005953
2011-02-14,101.533966,15.950000,2.750000,3.490000,0.002401
2011-02-15,101.214363,16.370000,2.770000,3.480000,-0.003153
2011-02-16,101.853584,16.720000,2.760000,3.500000,0.006296
2011-02-17,102.157967,16.590000,2.780000,3.490000,0.002984
2011-02-18,102.371048,16.430000,2.810000,3.490000,0.002084
2011-02-22,100.316490,20.800000,2.720000,3.340000,-0.020274
2011-02-23,99.700096,22.130000,2.750000,3.370000,-0.006163
2011-02-24,99.631607,21.320000,2.730000,3.330000,-0.000687
2011-02-25,100.696907,19.220000,2.700000,3.290000,0.010636
2011-02-28,101.320930,18.350000,2.730000,3.270000,0.006178
2011-03-01,99.631607,21.010000,2.750000,3.270000,-0.016814
2011-03-02,99.844658,20.700000,2.770000,3.330000,0.002136
2011-03-03,101.564415,18.600000,2.790000,3.450000,0.017078
2011-03-04,100.803490,19.060000,2.810000,3.370000,-0.007520
2011-03-07,100.012077,20.660000,2.810000,3.400000,-0.007882
2011-03-08,100.887154,19.820000,2.830000,3.450000,0.008712
2011-03-09,100.742577,20.220000,2.780000,3.380000,-0.001434
2011-03-10,98.878281,21.880000,2.720000,3.290000,-0.018679
2011-03-11,99.563080,20.080000,2.760000,3.320000,0.006902
2011-03-14,98.961952,21.130000,2.750000,3.270000,-0.006056
2011-03-15,97.828148,24.320000,2.700000,3.230000,-0.011523
2011-03-16,96.017075,29.400000,2.640000,3.120000,-0.018686
2011-03-17,97.287865,26.370000,2.650000,3.170000,0.013148
2011-03-18,97.641724,24.440000,2.670000,3.210000,0.003631
2011-03-21,99.154953,20.610000,2.670000,3.240000,0.015379
2011-03-22,98.811050,20.210000,2.660000,3.240000,-0.003474
2011-03-23,99.093842,19.170000,2.670000,3.270000,0.002858
2011-03-24,100.041458,18.000000,2.700000,3.330000,0.009517
2011-03-25,100.347206,17.910000,2.670000,3.370000,0.003052
2011-03-28,100.102623,19.440000,2.660000,3.360000,-0.002440
2011-03-29,100.775177,18.160000,2.690000,3.400000,0.006696
2011-03-30,101.470642,17.710000,2.670000,3.370000,0.006877
2011-03-31,101.333084,17.740000,2.670000,3.380000,-0.001357
2011-04-01,101.761055,17.400000,2.660000,3.390000,0.004215
2011-04-04,101.845146,17.500000,2.680000,3.390000,0.000826
2011-04-05,101.829872,17.250000,2.660000,3.430000,-0.000150
2011-04-06,102.150826,16.900000,2.710000,3.500000,0.003147
2011-04-07,101.890999,17.110000,2.770000,3.540000,-0.002547
2011-04-08,101.539482,17.870000,2.760000,3.550000,-0.003456
2011-04-11,101.233749,16.590000,2.740000,3.540000,-0.003016
2011-04-12,100.477097,17.090000,2.750000,3.470000,-0.007502
2011-04-13,100.469482,16.920000,2.740000,3.430000,-0.000076
2011-04-14,100.545906,16.270000,2.740000,3.440000,0.000760
2011-04-15,100.912735,15.320000,2.720000,3.360000,0.003642
2011-04-18,99.781616,16.960000,2.710000,3.330000,-0.011272
2011-04-19,100.354851,15.830000,2.710000,3.330000,0.005728
2011-04-20,101.722847,15.070000,2.740000,3.370000,0.013540
2011-04-21,102.242569,14.690000,2.740000,3.360000,0.005096
2011-04-25,102.135567,15.770000,2.720000,3.320000,-0.001047
2011-04-26,103.014458,15.620000,2.690000,3.270000,0.008568
2011-04-27,103.686996,15.350000,2.740000,3.330000,0.006507
2011-04-28,104.023293,14.620000,2.720000,3.300000,0.003238
2011-04-29,104.267845,14.750000,2.710000,3.280000,0.002348
2011-05-02,104.107330,15.990000,2.700000,3.260000,-0.001541
2011-05-03,103.732849,16.700000,2.670000,3.250000,-0.003604
2011-05-04,103.045029,17.080000,2.650000,3.220000,-0.006653
2011-05-05,102.112625,18.200000,2.600000,3.160000,-0.009090
2011-05-06,102.563560,18.400000,2.620000,3.170000,0.004406
2011-05-09,102.960976,17.160000,2.600000,3.140000,0.003867
2011-05-10,103.839874,15.910000,2.640000,3.200000,0.008500
2011-05-11,102.746964,16.950000,2.630000,3.160000,-0.010581
2011-05-12,103.236092,16.030000,2.650000,3.200000,0.004749
2011-05-13,102.441269,17.070000,2.610000,3.150000,-0.007729
2011-05-16,101.791656,18.240000,2.610000,3.110000,-0.006362
2011-05-17,101.776352,17.550000,2.570000,3.080000,-0.000150
2011-05-18,102.685822,16.230000,2.600000,3.130000,0.008896
2011-05-19,102.930374,15.520000,2.620000,3.120000,0.002379
2011-05-20,102.112625,17.430000,2.600000,3.100000,-0.007976
2011-05-23,100.928024,18.270000,2.580000,3.070000,-0.011669
2011-05-24,100.843979,17.820000,2.560000,3.060000,-0.000833
2011-05-25,101.180206,17.070000,2.590000,3.070000,0.003329
2011-05-26,101.646469,16.090000,2.590000,3.020000,0.004598
2011-05-27,102.036232,15.980000,2.590000,3.020000,0.003827
2011-05-31,103.098518,15.450000,2.600000,2.990000,0.010357
2011-06-01,100.782822,18.300000,2.520000,2.910000,-0.022717
2011-06-02,100.675804,18.090000,2.590000,3.000000,-0.001062
2011-06-03,99.674637,17.950000,2.570000,2.950000,-0.009994
2011-06-06,98.619995,18.490000,2.580000,2.960000,-0.010637
2011-06-07,98.558815,18.070000,2.620000,2.960000,-0.000621
2011-06-08,98.146126,18.790000,2.590000,2.940000,-0.004196
2011-06-09,98.895103,17.770000,2.580000,2.960000,0.007602
2011-06-10,97.519424,18.860000,2.580000,2.940000,-0.014008
2011-06-13,97.595856,19.610000,2.600000,2.950000,0.000783
2011-06-14,98.833954,18.260000,2.660000,3.060000,0.012606
2011-06-15,97.076164,21.320000,2.600000,2.930000,-0.017945
2011-06-16,97.290161,22.730000,2.550000,2.880000,0.002202
2011-06-17,97.580482,21.850000,2.560000,2.900000,0.002980
2011-06-20,98.079720,19.990000,2.590000,2.940000,0.005103
2011-06-21,99.423805,18.860000,2.590000,2.960000,0.013611
2011-06-22,98.824692,18.520000,2.620000,2.990000,-0.006044
2011-06-23,98.540543,19.290000,2.580000,2.920000,-0.002879
2011-06-24,97.396164,21.100000,2.530000,2.860000,-0.011681
2011-06-27,98.264015,20.560000,2.540000,2.930000,0.008871
2011-06-28,99.546692,19.170000,2.570000,3.020000,0.012969
2011-06-29,100.399261,17.270000,2.670000,3.120000,0.008528
2011-06-30,101.359283,16.520000,2.730000,3.150000,0.009517
2011-07-01,102.857002,15.870000,2.720000,3.200000,0.014668
2011-07-05,102.772514,16.060000,2.720000,3.140000,-0.000822
2011-07-06,102.895378,16.340000,2.690000,3.110000,0.001195
2011-07-07,103.962959,15.950000,2.680000,3.140000,0.010322
2011-07-08,103.225647,15.950000,2.630000,3.000000,-0.007117
2011-07-11,101.359283,18.390000,2.570000,2.910000,-0.018246
2011-07-12,100.921478,19.870000,2.550000,2.890000,-0.004329
2011-07-13,101.259415,19.910000,2.550000,2.910000,0.003343
2011-07-14,100.560516,20.800000,2.600000,2.970000,-0.006926
2011-07-15,101.144241,19.530000,2.570000,2.920000,0.005788
2011-07-18,100.314743,20.950000,2.570000,2.920000,-0.008235
2011-07-19,101.943001,19.210000,2.520000,2.880000,0.016101
2011-07-20,101.881569,19.090000,2.560000,2.940000,-0.000603
2011-07-21,103.294739,17.560000,2.630000,2.980000,0.013775
2011-07-22,103.363899,17.520000,2.590000,2.940000,0.000669
2011-07-25,102.787857,19.350000,2.610000,2.980000,-0.005589
2011-07-26,102.403816,20.230000,2.580000,2.920000,-0.003743
2011-07-27,100.307068,22.980000,2.570000,2.930000,-0.020688
2011-07-28,100.015198,23.740000,2.560000,2.910000,-0.002914
2011-07-29,99.331604,25.250000,2.460000,2.720000,-0.006858
2011-08-01,98.909187,23.660000,2.390000,2.670000,-0.004262
2011-08-02,96.382324,24.790000,2.330000,2.600000,-0.025879
2011-08-03,96.904625,23.380000,2.310000,2.620000,0.005404
2011-08-04,92.365433,31.660000,2.200000,2.450000,-0.047974
2011-08-05,92.227180,32.000000,2.300000,2.570000,-0.001498
2011-08-08,86.221069,48.000000,2.130000,2.350000,-0.067340
2011-08-09,90.230278,35.060000,2.010000,2.170000,0.045450
2011-08-10,86.244072,42.990000,1.980000,2.150000,-0.045184
2011-08-11,90.115036,39.000000,2.150000,2.310000,0.043906
2011-08-12,90.721832,36.360000,2.040000,2.220000,0.006711
2011-08-15,92.641945,31.870000,2.100000,2.270000,0.020944
2011-08-16,91.850853,32.850000,2.030000,2.200000,-0.008576
2011-08-17,91.912300,31.580000,1.980000,2.160000,0.000669
2011-08-18,87.949181,42.670000,1.880000,2.070000,-0.044076
2011-08-19,86.512917,43.050000,1.870000,2.050000,-0.016465
2011-08-22,86.582016,42.440000,1.880000,2.090000,0.000798
2011-08-23,89.431511,36.270000,1.930000,2.140000,0.032381
2011-08-24,90.691093,35.900000,2.060000,2.270000,0.013986
2011-08-25,89.308594,39.760000,2.010000,2.220000,-0.015361
2011-08-26,90.606613,35.590000,1.990000,2.180000,0.014429
2011-08-29,93.210304,32.280000,2.080000,2.260000,0.028331
2011-08-30,93.456078,32.890000,1.990000,2.180000,0.002633
2011-08-31,93.870811,31.620000,2.030000,2.210000,0.004428
2011-09-01,92.887711,31.820000,1.960000,2.130000,-0.010528
2011-09-02,90.514442,33.920000,1.820000,2.000000,-0.025882
2011-09-06,89.853943,37.000000,1.770000,1.960000,-0.007324
2011-09-07,92.388474,33.380000,1.840000,2.030000,0.027817
2011-09-08,91.428421,34.320000,1.810000,1.980000,-0.010446
2011-09-09,89.032112,38.520000,1.760000,1.920000,-0.026559
2011-09-12,89.608139,38.590000,1.730000,1.930000,0.006449
2011-09-13,90.429939,36.910000,1.790000,1.990000,0.009129
2011-09-14,91.681885,34.600000,1.840000,2.020000,0.013749
2011-09-15,93.264061,31.970000,1.880000,2.080000,0.017110
2011-09-16,93.816055,30.980000,1.900000,2.070000,0.005901
2011-09-19,92.881859,32.730000,1.810000,1.960000,-0.010008
2011-09-20,92.773827,32.860000,1.770000,1.940000,-0.001164
2011-09-21,90.040855,37.320000,1.670000,1.870000,-0.029901
2011-09-22,87.130318,41.350000,1.520000,1.720000,-0.032859
2011-09-23,87.655327,41.250000,1.610000,1.830000,0.006007
2011-09-26,89.739769,39.020000,1.660000,1.890000,0.023502
2011-09-27,90.743416,37.710000,1.750000,1.990000,0.011122
2011-09-28,88.890564,41.080000,1.760000,2.010000,-0.020630
2011-09-29,89.593117,38.840000,1.720000,1.970000,0.007873
2011-09-30,87.354225,42.960000,1.670000,1.900000,-0.025307
2011-10-03,84.868301,45.450000,1.560000,1.780000,-0.028871
2011-10-04,86.728897,40.820000,1.560000,1.800000,0.021686
2011-10-05,88.334663,37.810000,1.670000,1.920000,0.018345
2011-10-06,89.932739,36.270000,1.720000,2.000000,0.017929
2011-10-07,89.330620,36.200000,1.800000,2.090000,-0.006718
2011-10-10,92.318321,33.020000,1.800000,2.090000,0.032898
2011-10-11,92.410934,32.860000,1.860000,2.160000,0.001003
2011-10-12,93.221596,31.260000,1.950000,2.220000,0.008734
2011-10-13,93.036293,30.700000,1.900000,2.170000,-0.001990
2011-10-14,94.626663,28.240000,1.980000,2.240000,0.016950
2011-10-17,92.820129,33.390000,1.900000,2.140000,-0.019276
2011-10-18,94.634384,31.560000,1.910000,2.150000,0.019357
2011-10-19,93.514961,34.440000,1.900000,2.150000,-0.011899
2011-10-20,93.924126,34.780000,1.920000,2.170000,0.004366
2011-10-21,95.707466,31.320000,1.930000,2.210000,0.018809
2011-10-24,96.880966,29.260000,1.950000,2.230000,0.012187
2011-10-25,94.997261,32.220000,1.880000,2.130000,-0.019635
2011-10-26,95.962242,29.860000,1.950000,2.210000,0.010107
2011-10-27,99.305138,25.460000,2.110000,2.400000,0.034243
2011-10-28,99.281967,24.530000,2.060000,2.330000,-0.000233
2011-10-31,96.888672,29.960000,1.920000,2.160000,-0.024401
2011-11-01,94.186607,34.770000,1.780000,2.000000,-0.028285
2011-11-02,95.722954,32.740000,1.800000,2.020000,0.016180
2011-11-03,97.467690,30.500000,1.850000,2.080000,0.018063
2011-11-04,96.873260,30.160000,1.840000,2.050000,-0.006117
2011-11-07,97.475410,29.850000,1.790000,2.030000,0.006197
2011-11-08,98.726120,27.480000,1.850000,2.090000,0.012749
2011-11-09,95.082161,36.160000,1.760000,1.990000,-0.037608
2011-11-10,95.977707,32.810000,1.800000,2.030000,0.009375
2011-11-11,97.784264,30.040000,1.800000,2.030000,0.018648
2011-11-14,96.857803,31.130000,1.800000,2.030000,-0.009520
2011-11-15,97.336494,31.220000,1.800000,2.050000,0.004930
2011-11-16,95.792404,33.510000,1.750000,2.000000,-0.015991
2011-11-17,94.271530,34.510000,1.690000,1.940000,-0.016004
2011-11-18,94.171181,32.000000,1.720000,2.000000,-0.001065
2011-11-21,92.380058,32.910000,1.700000,1.950000,-0.019203
2011-11-22,92.017235,31.970000,1.680000,1.920000,-0.003935
2011-11-23,89.986847,33.980000,1.630000,1.870000,-0.022312
2011-11-25,89.816956,34.470000,1.690000,1.950000,-0.001890
2011-11-28,92.418686,32.130000,1.710000,1.940000,0.028555
2011-11-29,92.681175,30.640000,1.730000,1.980000,0.002836
2011-11-30,96.494957,27.800000,1.830000,2.070000,0.040325
2011-12-01,96.479546,27.410000,1.840000,2.100000,-0.000160
2011-12-02,96.394585,27.520000,1.800000,2.030000,-0.000881
2011-12-05,97.444534,27.840000,1.770000,2.030000,0.010833
2011-12-06,97.475410,28.130000,1.830000,2.070000,0.000317
2011-12-07,97.838295,28.670000,1.780000,2.000000,0.003716
2011-12-08,95.692078,30.590000,1.770000,1.980000,-0.022181
2011-12-09,97.313324,26.380000,1.850000,2.060000,0.016800
2011-12-12,95.892761,25.670000,1.790000,2.020000,-0.014705
2011-12-13,94.997261,25.410000,1.720000,1.950000,-0.009382
2011-12-14,93.985901,26.040000,1.670000,1.910000,-0.010703
2011-12-15,94.325584,25.110000,1.660000,1.920000,0.003608
2011-12-16,94.465416,24.290000,1.620000,1.860000,0.001481
2011-12-19,93.455406,24.920000,1.580000,1.810000,-0.010749
2011-12-20,96.283417,23.220000,1.680000,1.930000,0.029812
2011-12-21,96.469864,21.430000,1.700000,1.970000,0.001935
2011-12-22,97.324478,21.160000,1.690000,1.960000,0.008820
2011-12-23,98.194649,20.730000,1.750000,2.020000,0.008901
2011-12-27,98.272346,21.910000,1.720000,2.000000,0.000791
2011-12-28,96.982605,23.520000,1.650000,1.920000,-0.013211
2011-12-29,97.984848,22.650000,1.630000,1.890000,0.010281
2011-12-30,97.503174,23.400000,1.640000,1.870000,-0.004928
2012-01-03,99.057030,22.970000,1.700000,1.950000,0.015811
2012-01-04,99.212395,22.220000,1.750000,1.980000,0.001567
2012-01-05,99.476509,21.480000,1.750000,2.000000,0.002659
2012-01-06,99.220139,20.630000,1.730000,1.960000,-0.002581
2012-01-09,99.461006,21.070000,1.720000,1.970000,0.002425
2012-01-10,100.323395,20.690000,1.760000,1.980000,0.008633
2012-01-11,100.377769,21.050000,1.690000,1.910000,0.000542
2012-01-12,100.618607,20.470000,1.720000,1.910000,0.002396
2012-01-13,100.098099,20.910000,1.650000,1.860000,-0.005187
2012-01-17,100.486542,22.200000,1.660000,1.840000,0.003873
2012-01-18,101.597519,20.890000,1.680000,1.890000,0.010995
2012-01-19,102.133606,19.870000,1.750000,1.960000,0.005263
2012-01-20,102.514275,18.280000,1.790000,2.000000,0.003720
2012-01-23,102.250137,18.670000,1.830000,2.050000,-0.002580
2012-01-24,102.133606,18.910000,1.840000,2.040000,-0.001140
2012-01-25,102.988174,18.310000,1.790000,1.970000,0.008332
2012-01-26,102.459915,18.570000,1.740000,1.910000,-0.005143
2012-01-27,102.413315,18.530000,1.710000,1.870000,-0.000455
2012-01-30,102.063698,19.400000,1.650000,1.820000,-0.003420
2012-01-31,102.024849,19.440000,1.610000,1.770000,-0.000381
2012-02-01,102.918312,18.550000,1.640000,1.810000,0.008719
2012-02-02,103.081459,17.980000,1.630000,1.780000,0.001584
2012-02-03,104.526497,17.100000,1.740000,1.890000,0.013921
2012-02-06,104.456604,17.760000,1.690000,1.850000,-0.000669
2012-02-07,104.720741,17.650000,1.750000,1.920000,0.002525
2012-02-08,105.031540,18.160000,1.740000,1.920000,0.002963
2012-02-09,105.163582,18.630000,1.770000,1.950000,0.001256
2012-02-10,104.386642,20.790000,1.690000,1.870000,-0.007415
2012-02-13,105.163582,19.040000,1.700000,1.880000,0.007415
2012-02-14,105.031540,19.540000,1.630000,1.800000,-0.001256
2012-02-15,104.542068,21.140000,1.640000,1.820000,-0.004671
2012-02-16,105.699631,19.220000,1.700000,1.890000,0.011012
2012-02-17,105.979347,17.780000,1.720000,1.920000,0.002643
2012-02-21,106.025978,18.190000,1.740000,1.970000,0.000440
2012-02-22,105.684097,18.190000,1.720000,1.920000,-0.003230
2012-02-23,106.150246,16.800000,1.680000,1.900000,0.004401
2012-02-24,106.383339,17.310000,1.670000,1.880000,0.002193
2012-02-27,106.562027,18.190000,1.620000,1.800000,0.001678
2012-02-28,106.872803,17.960000,1.640000,1.840000,0.002912
2012-02-29,106.453270,18.430000,1.680000,1.900000,-0.003933
2012-03-01,107.004898,17.260000,1.730000,1.950000,0.005169
2012-03-02,106.678581,17.290000,1.710000,1.920000,-0.003054
2012-03-05,106.243454,18.050000,1.690000,1.920000,-0.004087
2012-03-06,104.689674,20.870000,1.660000,1.880000,-0.014733
2012-03-07,105.419975,19.070000,1.680000,1.900000,0.006952
2012-03-08,106.468803,17.950000,1.710000,1.950000,0.009900
2012-03-09,106.880562,17.110000,1.710000,1.950000,0.003860
2012-03-12,106.888382,15.640000,1.710000,1.950000,0.000073
2012-03-13,108.815109,14.800000,1.790000,2.060000,0.017865
2012-03-14,108.698524,15.310000,1.890000,2.200000,-0.001072
2012-03-15,109.327866,15.420000,1.920000,2.210000,0.005773
2012-03-16,109.479225,14.470000,1.940000,2.220000,0.001383
2012-03-19,109.908440,15.040000,2.000000,2.290000,0.003913
2012-03-20,109.588493,15.580000,1.970000,2.280000,-0.002915
2012-03-21,109.408997,15.130000,1.920000,2.220000,-0.001639
2012-03-22,108.620872,15.570000,1.920000,2.210000,-0.007230
2012-03-23,108.972008,14.820000,1.880000,2.170000,0.003227
2012-03-26,110.501465,14.260000,1.900000,2.170000,0.013938
2012-03-27,110.158142,15.590000,1.870000,2.110000,-0.003112
2012-03-28,109.611885,15.470000,1.870000,2.120000,-0.004971
2012-03-29,109.424652,15.480000,1.850000,2.110000,-0.001710
2012-03-30,109.877228,15.500000,1.900000,2.160000,0.004127
2012-04-02,110.680908,15.640000,1.890000,2.140000,0.007288
2012-04-03,110.228348,15.660000,1.940000,2.220000,-0.004097
2012-04-04,109.135880,16.440000,1.900000,2.170000,-0.009960
2012-04-05,109.081291,16.700000,1.840000,2.110000,-0.000500
2012-04-09,107.856194,18.810000,1.740000,1.970000,-0.011295
2012-04-10,106.045815,20.390000,1.730000,1.920000,-0.016928
2012-04-11,106.904175,20.020000,1.750000,1.960000,0.008062
2012-04-12,108.300987,17.200000,1.790000,1.990000,0.012981
2012-04-13,107.013412,19.550000,1.750000,1.930000,-0.011960
2012-04-16,106.943222,19.550000,1.730000,1.920000,-0.000656
2012-04-17,108.527267,18.460000,1.760000,1.950000,0.014703
2012-04-18,108.160515,18.640000,1.730000,1.930000,-0.003385
2012-04-19,107.466011,18.360000,1.710000,1.910000,-0.006442
2012-04-20,107.645538,17.440000,1.700000,1.910000,0.001669
2012-04-23,106.740334,18.970000,1.690000,1.880000,-0.008445
2012-04-24,107.146080,18.100000,1.730000,1.910000,0.003794
2012-04-25,108.613106,16.820000,1.750000,1.920000,0.013599
2012-04-26,109.369972,16.240000,1.720000,1.890000,0.006944
2012-04-27,109.549492,16.320000,1.700000,1.870000,0.001640
2012-04-30,109.143700,17.150000,1.680000,1.850000,-0.003711
2012-05-01,109.822609,16.600000,1.710000,1.890000,0.006201
2012-05-02,109.494865,16.880000,1.690000,1.880000,-0.002989
2012-05-03,108.659889,17.560000,1.680000,1.870000,-0.007655
2012-05-04,106.904175,19.160000,1.640000,1.840000,-0.016290
2012-05-07,106.982224,18.940000,1.650000,1.820000,0.000730
2012-05-08,106.553040,19.050000,1.610000,1.790000,-0.004020
2012-05-09,105.920982,20.080000,1.600000,1.780000,-0.005950
2012-05-10,106.139450,18.830000,1.620000,1.790000,0.002060
2012-05-11,105.819527,19.890000,1.570000,1.740000,-0.003019
2012-05-14,104.649017,21.870000,1.490000,1.680000,-0.011123
2012-05-15,104.048187,21.970000,1.470000,1.670000,-0.005758
2012-05-16,103.650215,22.270000,1.460000,1.660000,-0.003832
2012-05-17,102.112991,24.490000,1.380000,1.600000,-0.014942
2012-05-18,101.239044,25.100000,1.390000,1.630000,-0.008595
2012-05-21,102.979164,22.010000,1.450000,1.660000,0.017042
2012-05-22,103.158661,22.480000,1.490000,1.700000,0.001742
2012-05-23,103.213280,22.330000,1.450000,1.640000,0.000529
2012-05-24,103.416100,21.540000,1.480000,1.670000,0.001963
2012-05-25,103.080589,21.760000,1.450000,1.660000,-0.003250
2012-05-29,104.329140,21.030000,1.440000,1.650000,0.012040
2012-05-30,102.815285,24.140000,1.360000,1.560000,-0.014617
2012-05-31,102.588982,24.060000,1.320000,1.520000,-0.002203
2012-06-01,100.006142,26.660000,1.220000,1.400000,-0.025499
2012-06-04,99.959297,26.120000,1.280000,1.450000,-0.000469
2012-06-05,100.716232,24.680000,1.320000,1.490000,0.007544
2012-06-06,102.979164,22.160000,1.400000,1.570000,0.022220
2012-06-07,103.041588,21.720000,1.390000,1.570000,0.000606
2012-06-08,103.860924,21.230000,1.370000,1.560000,0.007920
2012-06-11,102.542168,23.560000,1.330000,1.510000,-0.012779
2012-06-12,103.720444,22.090000,1.370000,1.570000,0.011425
2012-06-13,103.057205,24.270000,1.310000,1.510000,-0.006415
2012-06-14,104.149673,21.680000,1.340000,1.530000,0.010545
2012-06-15,105.214867,21.110000,1.310000,1.510000,0.010176
2012-06-18,105.418739,18.320000,1.300000,1.490000,0.001936
2012-06-19,106.438408,18.380000,1.340000,1.550000,0.009626
2012-06-20,106.265831,17.240000,1.330000,1.560000,-0.001623
2012-06-21,103.881393,20.080000,1.310000,1.540000,-0.022694
2012-06-22,104.681450,18.110000,1.380000,1.600000,0.007672
2012-06-25,103.002922,20.380000,1.320000,1.530000,-0.016165
2012-06-26,103.520569,19.720000,1.350000,1.560000,0.005013
2012-06-27,104.454002,19.450000,1.340000,1.560000,0.008976
2012-06-28,104.155930,19.710000,1.290000,1.510000,-0.002858
2012-06-29,106.752197,17.080000,1.340000,1.580000,0.024621
2012-07-02,107.073753,16.800000,1.310000,1.510000,0.003008
2012-07-03,107.779694,16.660000,1.350000,1.560000,0.006571
2012-07-05,107.293427,17.500000,1.340000,1.540000,-0.004522
2012-07-06,106.273720,17.100000,1.300000,1.490000,-0.009549
2012-07-09,106.140381,17.980000,1.260000,1.440000,-0.001255
2012-07-10,105.214867,18.720000,1.260000,1.440000,-0.008758
2012-07-11,105.230515,17.950000,1.270000,1.440000,0.000149
2012-07-12,104.720665,18.330000,1.250000,1.400000,-0.004857
2012-07-13,106.477638,16.740000,1.270000,1.420000,0.016639
2012-07-16,106.226639,17.110000,1.260000,1.400000,-0.002360
2012-07-17,106.956093,16.480000,1.280000,1.430000,0.006843
2012-07-18,107.748306,16.160000,1.300000,1.430000,0.007380
2012-07-19,108.030670,15.450000,1.320000,1.450000,0.002617
2012-07-20,107.042381,16.270000,1.270000,1.400000,-0.009190
2012-07-23,105.959938,18.620000,1.250000,1.370000,-0.010164
2012-07-24,105.050079,20.470000,1.220000,1.340000,-0.008624
2012-07-25,105.073639,19.340000,1.210000,1.330000,0.000224
2012-07-26,106.807098,17.530000,1.220000,1.340000,0.016363
2012-07-27,108.775848,16.700000,1.330000,1.470000,0.018265
2012-07-30,108.775848,18.030000,1.300000,1.420000,0.000000
2012-07-31,108.014969,18.930000,1.280000,1.400000,-0.007020
2012-08-01,107.920891,18.960000,1.320000,1.460000,-0.000871
2012-08-02,107.175735,17.570000,1.270000,1.420000,-0.006929
2012-08-03,109.301331,15.640000,1.360000,1.510000,0.019639
2012-08-06,109.513123,15.950000,1.350000,1.490000,0.001936
2012-08-07,110.062225,15.990000,1.390000,1.550000,0.005002
2012-08-08,110.195511,15.320000,1.390000,1.570000,0.001210
2012-08-09,110.289673,15.280000,1.400000,1.580000,0.000854
2012-08-10,110.470016,14.740000,1.380000,1.550000,0.001634
2012-08-13,110.415154,13.700000,1.380000,1.540000,-0.000497
2012-08-14,110.430855,14.850000,1.460000,1.620000,0.000142
2012-08-15,110.556320,14.630000,1.530000,1.710000,0.001135
2012-08-16,111.372070,14.290000,1.540000,1.740000,0.007352
2012-08-17,111.521095,13.450000,1.520000,1.720000,0.001337
2012-08-20,111.528938,14.020000,1.530000,1.710000,0.000070
2012-08-21,111.191650,15.020000,1.490000,1.690000,-0.003029
2012-08-22,111.238754,15.110000,1.450000,1.600000,0.000424
2012-08-23,110.328880,15.960000,1.420000,1.570000,-0.008213
2012-08-24,110.995598,15.180000,1.400000,1.580000,0.006025
2012-08-27,111.019066,16.350000,1.370000,1.540000,0.000211
2012-08-28,110.909241,16.490000,1.370000,1.540000,-0.000990
2012-08-29,110.995598,17.060000,1.390000,1.540000,0.000778
2012-08-30,110.195511,17.830000,1.360000,1.530000,-0.007234
2012-08-31,110.721046,17.470000,1.350000,1.480000,0.004758
2012-09-04,110.619102,17.980000,1.360000,1.490000,-0.000921
2012-09-05,110.524994,17.740000,1.350000,1.490000,-0.000851
2012-09-06,112.768265,15.600000,1.410000,1.570000,0.020093
2012-09-07,113.207497,14.380000,1.420000,1.560000,0.003887
2012-09-10,112.564293,16.280000,1.430000,1.580000,-0.005698
2012-09-11,112.878059,16.410000,1.450000,1.600000,0.002784
2012-09-12,113.254570,15.800000,1.520000,1.670000,0.003330
2012-09-13,114.980148,14.050000,1.510000,1.650000,0.015121
2012-09-14,115.490036,14.510000,1.610000,1.770000,0.004425
2012-09-17,115.097824,14.590000,1.600000,1.740000,-0.003402
2012-09-18,115.003647,14.180000,1.570000,1.720000,-0.000819
2012-09-19,115.066467,13.880000,1.520000,1.680000,0.000546
2012-09-20,115.074326,14.070000,1.530000,1.690000,0.000068
2012-09-21,115.026199,13.980000,1.500000,1.660000,-0.000418
2012-09-24,114.852676,14.150000,1.470000,1.630000,-0.001510
2012-09-25,113.630447,15.430000,1.430000,1.590000,-0.010699
2012-09-26,112.991692,16.810000,1.380000,1.530000,-0.005637
2012-09-27,114.056236,14.840000,1.410000,1.570000,0.009377
2012-09-28,113.527954,15.730000,1.420000,1.550000,-0.004643
2012-10-01,113.827644,16.320000,1.390000,1.550000,0.002636
2012-10-02,113.945869,15.710000,1.410000,1.550000,0.001038
2012-10-03,114.411125,15.430000,1.410000,1.550000,0.004075
2012-10-04,115.231247,14.550000,1.470000,1.600000,0.007143
2012-10-05,115.239128,14.330000,1.480000,1.640000,0.000068
2012-10-08,114.844826,15.110000,1.480000,1.640000,-0.003427
2012-10-09,113.709297,16.370000,1.490000,1.640000,-0.009937
2012-10-10,112.983810,16.290000,1.450000,1.620000,-0.006401
2012-10-11,113.046867,15.590000,1.420000,1.600000,0.000558
2012-10-12,112.676254,16.140000,1.420000,1.580000,-0.003284
2012-10-15,113.614677,15.270000,1.430000,1.590000,0.008294
2012-10-16,114.765953,15.220000,1.480000,1.660000,0.010082
2012-10-17,115.286392,15.070000,1.530000,1.720000,0.004525
2012-10-18,114.986755,15.030000,1.570000,1.760000,-0.002602
2012-10-19,113.070648,17.060000,1.490000,1.690000,-0.016804
2012-10-22,113.086380,16.620000,1.510000,1.730000,0.000139
2012-10-23,111.517120,18.830000,1.500000,1.680000,-0.013974
2012-10-24,111.201721,18.330000,1.510000,1.690000,-0.002832
2012-10-25,111.525032,18.120000,1.550000,1.750000,0.002903
2012-10-26,111.461937,17.810000,1.480000,1.660000,-0.000566
2012-10-31,111.461937,18.600000,1.420000,1.610000,0.000000
2012-11-01,112.629013,16.690000,1.450000,1.660000,0.010416
2012-11-02,111.627541,17.590000,1.470000,1.660000,-0.008932
2012-11-05,111.856194,18.420000,1.440000,1.610000,0.002046
2012-11-06,112.731491,17.580000,1.480000,1.680000,0.007795
2012-11-07,110.176620,19.080000,1.410000,1.580000,-0.022924
2012-11-08,108.851822,18.490000,1.350000,1.520000,-0.012097
2012-11-09,108.946442,18.610000,1.340000,1.520000,0.000869
2012-11-12,109.033188,16.680000,1.340000,1.520000,0.000796
2012-11-13,108.654678,16.650000,1.320000,1.480000,-0.003478
2012-11-14,107.187965,17.920000,1.340000,1.490000,-0.013591
2012-11-15,107.006592,17.990000,1.340000,1.500000,-0.001694
2012-11-16,107.534927,16.410000,1.340000,1.520000,0.004925
2012-11-19,109.711349,15.240000,1.360000,1.520000,0.020037
2012-11-20,109.758667,15.080000,1.390000,1.580000,0.000431
2012-11-21,109.963684,15.310000,1.420000,1.590000,0.001866
2012-11-23,111.461937,15.140000,1.410000,1.600000,0.013533
2012-11-26,111.225365,15.500000,1.390000,1.560000,-0.002125
2012-11-27,110.657608,15.920000,1.370000,1.540000,-0.005118
2012-11-28,111.548653,15.510000,1.360000,1.530000,0.008020
2012-11-29,112.069084,15.060000,1.370000,1.530000,0.004655
2012-11-30,112.092743,15.870000,1.370000,1.540000,0.000211
2012-12-03,111.540779,16.640000,1.380000,1.530000,-0.004936
2012-12-04,111.383087,17.120000,1.370000,1.520000,-0.001415
2012-12-05,111.580231,16.460000,1.350000,1.500000,0.001768
2012-12-06,111.958710,16.580000,1.340000,1.490000,0.003386
2012-12-07,112.297806,15.900000,1.390000,1.550000,0.003024
2012-12-10,112.345108,16.050000,1.390000,1.540000,0.000421
2012-12-11,113.110016,15.570000,1.420000,1.580000,0.006785
2012-12-12,113.165184,15.950000,1.470000,1.650000,0.000488
2012-12-13,112.471268,16.560000,1.470000,1.680000,-0.006151
2012-12-14,112.053391,17.000000,1.480000,1.680000,-0.003722
2012-12-17,113.370232,16.340000,1.530000,1.730000,0.011683
2012-12-18,114.631844,15.570000,1.560000,1.780000,0.011067
2012-12-19,113.780296,17.360000,1.540000,1.770000,-0.007456
2012-12-20,114.434761,17.670000,1.530000,1.750000,0.005736
2012-12-21,113.396057,17.840000,1.510000,1.710000,-0.009118
2012-12-24,113.046600,17.840000,1.530000,1.730000,-0.003086
2012-12-26,112.570129,19.480000,1.510000,1.680000,-0.004224
2012-12-27,112.419250,19.470000,1.480000,1.660000,-0.001341
2012-12-28,111.204208,22.720000,1.460000,1.720000,-0.010867
2012-12-31,113.094276,18.020000,1.530000,1.730000,0.016854
2013-01-02,115.992828,14.680000,1.590000,1.780000,0.025307
2013-01-03,115.730812,14.560000,1.650000,1.840000,-0.002261
2013-01-04,116.239037,13.830000,1.660000,1.860000,0.004382
2013-01-07,115.921425,13.790000,1.650000,1.850000,-0.002736
2013-01-08,115.587891,13.620000,1.640000,1.820000,-0.002881
2013-01-09,115.881676,13.810000,1.640000,1.820000,0.002538
2013-01-10,116.802872,13.490000,1.650000,1.850000,0.007918
2013-01-11,116.794975,13.360000,1.630000,1.820000,-0.000068
2013-01-14,116.715561,13.520000,1.630000,1.810000,-0.000680
2013-01-15,116.794975,13.550000,1.600000,1.770000,0.000680
2013-01-16,116.779099,13.420000,1.580000,1.760000,-0.000136
2013-01-17,117.533539,13.570000,1.610000,1.820000,0.006440
2013-01-18,117.795601,12.460000,1.610000,1.790000,0.002227
2013-01-22,118.430893,12.430000,1.600000,1.780000,0.005379
2013-01-23,118.621513,12.460000,1.600000,1.780000,0.001608
2013-01-24,118.653336,12.690000,1.650000,1.800000,0.000268
2013-01-25,119.320351,12.890000,1.700000,1.900000,0.005606
2013-01-28,119.177414,13.570000,1.710000,1.930000,-0.001199
2013-01-29,119.645950,13.310000,1.730000,1.960000,0.003924
2013-01-30,119.177414,14.320000,1.760000,1.960000,-0.003924
2013-01-31,118.883560,14.280000,1.750000,1.950000,-0.002469
2013-02-01,120.106575,12.900000,1.770000,1.980000,0.010235
2013-02-04,118.756485,14.670000,1.750000,1.930000,-0.011304
2013-02-05,119.955673,13.720000,1.770000,1.970000,0.010047
2013-02-06,120.043068,13.410000,1.730000,1.930000,0.000728
2013-02-07,119.884270,13.500000,1.740000,1.920000,-0.001324
2013-02-08,120.551247,13.020000,1.740000,1.920000,0.005548
2013-02-11,120.527466,12.940000,1.720000,1.900000,-0.000197
2013-02-12,120.725990,12.640000,1.730000,1.930000,0.001646
2013-02-13,120.829224,12.980000,1.760000,1.950000,0.000855
2013-02-14,120.940414,12.660000,1.730000,1.890000,0.000920
2013-02-15,120.797462,12.460000,1.720000,1.910000,-0.001183
2013-02-19,121.702820,12.310000,1.740000,1.910000,0.007467
2013-02-20,120.185959,14.680000,1.750000,1.900000,-0.012542
2013-02-21,119.455360,15.220000,1.730000,1.860000,-0.006097
2013-02-22,120.622734,14.170000,1.700000,1.840000,0.009725
2013-02-25,118.327675,18.990000,1.630000,1.760000,-0.019210
2013-02-26,119.137718,16.870000,1.630000,1.740000,0.006822
2013-02-27,120.638603,14.730000,1.640000,1.800000,0.012519
2013-02-28,120.400406,15.510000,1.640000,1.780000,-0.001976
2013-03-01,120.797462,15.360000,1.610000,1.750000,0.003292
2013-03-04,121.440742,14.010000,1.640000,1.770000,0.005311
2013-03-05,122.528755,13.480000,1.650000,1.820000,0.008919
2013-03-06,122.695496,13.530000,1.700000,1.850000,0.001360
2013-03-07,122.917862,13.060000,1.750000,1.900000,0.001811
2013-03-08,123.441994,12.590000,1.790000,1.960000,0.004255
2013-03-11,123.910477,11.560000,1.800000,1.970000,0.003788
2013-03-12,123.632507,12.270000,1.760000,1.930000,-0.002246
2013-03-13,123.807251,11.830000,1.770000,1.950000,0.001412
2013-03-14,124.466408,11.300000,1.770000,1.940000,0.005310
2013-03-15,124.302139,11.300000,1.760000,1.920000,-0.001321
2013-03-18,123.616089,13.360000,1.700000,1.890000,-0.005535
2013-03-19,123.328957,14.390000,1.680000,1.850000,-0.002325
2013-03-20,124.190453,12.670000,1.700000,1.890000,0.006961
2013-03-21,123.129478,13.990000,1.680000,1.880000,-0.008580
2013-03-22,124.118614,13.570000,1.670000,1.860000,0.008001
2013-03-25,123.600159,13.740000,1.690000,1.850000,-0.004186
2013-03-26,124.589279,12.770000,1.670000,1.850000,0.007971
2013-03-27,124.589279,13.150000,1.620000,1.780000,0.000000
2013-03-28,124.972153,12.700000,1.620000,1.800000,0.003068
2013-04-01,124.477577,13.580000,1.630000,1.780000,-0.003965
2013-04-02,125.091820,12.780000,1.630000,1.810000,0.004922
2013-04-03,123.823532,14.210000,1.590000,1.770000,-0.010191
2013-04-04,124.326027,13.890000,1.560000,1.710000,0.004050
2013-04-05,123.767624,13.920000,1.480000,1.650000,-0.004502
2013-04-08,124.605171,13.190000,1.520000,1.690000,0.006744
2013-04-09,125.035980,12.840000,1.540000,1.720000,0.003451
2013-04-10,126.567535,12.360000,1.600000,1.770000,0.012175
2013-04-11,126.982307,12.240000,1.580000,1.750000,0.003272
2013-04-12,126.671196,12.060000,1.530000,1.690000,-0.002453
2013-04-15,123.735748,17.270000,1.500000,1.660000,-0.023446
2013-04-16,125.562431,13.960000,1.510000,1.690000,0.014655
2013-04-17,123.727798,16.510000,1.490000,1.670000,-0.014719
2013-04-18,122.954002,17.560000,1.480000,1.670000,-0.006274
2013-04-19,124.022926,14.970000,1.490000,1.680000,0.008656
2013-04-22,124.573349,14.390000,1.480000,1.670000,0.004428
2013-04-23,125.857559,13.480000,1.510000,1.690000,0.010256
2013-04-24,125.937363,13.610000,1.500000,1.670000,0.000634
2013-04-25,126.447861,13.620000,1.510000,1.690000,0.004045
2013-04-26,126.224472,13.610000,1.480000,1.650000,-0.001768
2013-04-29,127.070068,13.710000,1.500000,1.650000,0.006677
2013-04-30,127.373138,13.520000,1.480000,1.650000,0.002382
2013-05-01,126.256462,14.490000,1.460000,1.600000,-0.008806
2013-05-02,127.429016,13.590000,1.460000,1.610000,0.009244
2013-05-03,128.721207,12.850000,1.560000,1.730000,0.010089
2013-05-06,129.048279,12.660000,1.580000,1.760000,0.002538
2013-05-07,129.702408,12.830000,1.600000,1.780000,0.005056
2013-05-08,130.292633,12.660000,1.590000,1.770000,0.004540
2013-05-09,129.925735,13.130000,1.590000,1.770000,-0.002820
2013-05-10,130.348495,12.590000,1.640000,1.860000,0.003249
2013-05-13,130.452209,12.550000,1.680000,1.870000,0.000795
2013-05-14,131.800278,12.770000,1.700000,1.910000,0.010281
2013-05-15,132.510162,12.810000,1.680000,1.900000,0.005372
2013-05-16,131.887970,13.070000,1.640000,1.840000,-0.004706
2013-05-17,133.164337,12.450000,1.690000,1.910000,0.009631
2013-05-20,133.156281,13.020000,1.710000,1.920000,-0.000061
2013-05-21,133.347794,13.370000,1.680000,1.900000,0.001437
2013-05-22,132.358658,13.820000,1.770000,1.990000,-0.007445
2013-05-23,131.975723,14.070000,1.760000,1.970000,-0.002897
2013-05-24,131.864105,13.990000,1.750000,1.970000,-0.000846
2013-05-28,132.653732,14.480000,1.860000,2.100000,0.005970
2013-05-29,131.792328,14.830000,1.830000,2.080000,-0.006515
2013-05-30,132.278870,14.530000,1.820000,2.090000,0.003685
2013-05-31,130.380386,16.300000,1.860000,2.120000,-0.014456
2013-06-03,131.098389,16.280000,1.830000,2.080000,0.005492
2013-06-04,130.468185,16.270000,1.820000,2.100000,-0.004819
2013-06-05,128.641464,17.500000,1.800000,2.050000,-0.014100
2013-06-06,129.806091,16.630000,1.780000,2.030000,0.009013
2013-06-07,131.457275,15.140000,1.850000,2.130000,0.012640
2013-06-10,131.457275,15.440000,1.900000,2.170000,0.000000
2013-06-11,130.101181,17.070000,1.860000,2.150000,-0.010369
2013-06-12,129.024399,18.590000,1.910000,2.200000,-0.008311
2013-06-13,130.986649,16.410000,1.870000,2.140000,0.015094
2013-06-14,130.165039,17.150000,1.850000,2.090000,-0.006292
2013-06-17,131.170120,16.800000,1.920000,2.140000,0.007692
2013-06-18,132.207077,16.610000,1.930000,2.150000,0.007874
2013-06-19,130.380386,16.640000,2.020000,2.280000,-0.013913
2013-06-20,127.149765,20.490000,2.080000,2.360000,-0.025091
2013-06-21,127.558014,18.900000,2.140000,2.470000,0.003206
2013-06-24,125.946167,20.110000,2.150000,2.510000,-0.012717
2013-06-25,127.156967,18.470000,2.170000,2.540000,0.009568
2013-06-26,128.416061,17.210000,2.160000,2.490000,0.009853
2013-06-27,129.169785,16.860000,2.130000,2.430000,0.005852
2013-06-28,128.640579,16.860000,2.160000,2.480000,-0.004105
2013-07-01,129.394318,16.370000,2.160000,2.460000,0.005842
2013-07-02,129.274033,16.440000,2.140000,2.450000,-0.000930
2013-07-03,129.330170,16.200000,2.160000,2.470000,0.000434
2013-07-05,130.725464,14.890000,2.330000,2.690000,0.010731
2013-07-08,131.471191,14.780000,2.280000,2.600000,0.005688
2013-07-09,132.417511,14.350000,2.280000,2.610000,0.007172
2013-07-10,132.465561,14.210000,2.320000,2.660000,0.000363
2013-07-11,134.269836,14.010000,2.260000,2.560000,0.013529
2013-07-12,134.326004,13.840000,2.240000,2.570000,0.000418
2013-07-15,134.839233,13.790000,2.230000,2.530000,0.003813
2013-07-16,134.334015,14.420000,2.210000,2.520000,-0.003754
2013-07-17,134.678879,13.780000,2.200000,2.490000,0.002564
2013-07-18,135.416595,13.770000,2.240000,2.530000,0.005463
2013-07-19,135.657166,12.540000,2.180000,2.470000,0.001775
2013-07-22,135.921753,12.290000,2.180000,2.460000,0.001949
2013-07-23,135.633118,12.660000,2.200000,2.510000,-0.002126
2013-07-24,135.135941,13.180000,2.270000,2.580000,-0.003672
2013-07-25,135.464676,12.970000,2.290000,2.590000,0.002430
2013-07-26,135.609024,12.720000,2.270000,2.550000,0.001065
2013-07-29,135.192093,13.390000,2.280000,2.580000,-0.003079
2013-07-30,135.192093,13.390000,2.300000,2.590000,0.000000
2013-07-31,135.288223,13.450000,2.290000,2.560000,0.000711
2013-08-01,136.851974,12.940000,2.390000,2.700000,0.011492
2013-08-02,137.084518,11.980000,2.330000,2.590000,0.001698
2013-08-05,136.884048,11.840000,2.350000,2.620000,-0.001463
2013-08-06,136.106232,12.720000,2.350000,2.630000,-0.005699
2013-08-07,135.665161,12.980000,2.290000,2.560000,-0.003246
2013-08-08,136.162308,12.730000,2.280000,2.530000,0.003658
2013-08-09,135.769409,13.410000,2.250000,2.520000,-0.002890
2013-08-12,135.609024,12.810000,2.290000,2.550000,-0.001182
2013-08-13,136.009933,12.310000,2.370000,2.650000,0.002952
2013-08-14,135.312347,13.040000,2.370000,2.660000,-0.005142
2013-08-15,133.419891,14.730000,2.410000,2.720000,-0.014085
2013-08-16,132.978821,14.370000,2.480000,2.790000,-0.003311
2013-08-19,132.128845,15.100000,2.520000,2.820000,-0.006412
2013-08-20,132.778366,14.910000,2.460000,2.780000,0.004904
2013-08-21,131.960358,15.940000,2.490000,2.830000,-0.006180
2013-08-22,133.163239,14.760000,2.480000,2.870000,0.009074
2013-08-23,133.612274,13.980000,2.420000,2.790000,0.003366
2013-08-26,133.115143,14.990000,2.380000,2.750000,-0.003728
2013-08-27,130.974075,16.770000,2.340000,2.670000,-0.016215
2013-08-28,131.439163,16.490000,2.380000,2.750000,0.003545
2013-08-29,131.647614,16.810000,2.360000,2.730000,0.001585
2013-08-30,131.230698,17.010000,2.390000,2.750000,-0.003172
2013-09-03,131.824097,16.610000,2.430000,2.840000,0.004512
2013-09-04,132.914734,15.880000,2.440000,2.880000,0.008239
2013-09-05,133.083084,15.770000,2.460000,2.960000,0.001266
2013-09-06,133.147232,15.850000,2.480000,2.920000,0.000482
2013-09-09,134.422272,15.630000,2.450000,2.880000,0.009531
2013-09-10,135.416595,14.530000,2.460000,2.940000,0.007370
2013-09-11,135.841629,13.820000,2.460000,2.910000,0.003134
2013-09-12,135.480743,14.290000,2.470000,2.910000,-0.002660
2013-09-13,135.785461,14.160000,2.450000,2.890000,0.002247
2013-09-16,136.571320,14.380000,2.470000,2.860000,0.005771
2013-09-17,137.180740,14.530000,2.470000,2.850000,0.004452
2013-09-18,138.768539,13.590000,2.350000,2.680000,0.011508
2013-09-19,138.536011,13.160000,2.420000,2.750000,-0.001677
2013-09-20,137.567444,13.120000,2.410000,2.740000,-0.007016
2013-09-23,136.930771,14.310000,2.370000,2.700000,-0.004639
2013-09-24,136.608536,14.080000,2.320000,2.650000,-0.002356
2013-09-25,136.213623,14.010000,2.270000,2.610000,-0.002895
2013-09-26,136.737396,14.060000,2.320000,2.660000,0.003838
2013-09-27,136.108887,15.460000,2.300000,2.620000,-0.004607
2013-09-30,135.383636,16.600000,2.310000,2.620000,-0.005343
2013-10-01,136.455399,15.540000,2.330000,2.640000,0.007885
2013-10-02,136.326508,16.600000,2.320000,2.610000,-0.000945
2013-10-03,135.069382,17.670000,2.290000,2.590000,-0.009264
2013-10-04,136.092819,16.740000,2.330000,2.630000,0.007549
2013-10-07,134.916260,19.410000,2.280000,2.620000,-0.008683
2013-10-08,133.344925,20.340000,2.260000,2.610000,-0.011715
2013-10-09,133.441666,19.600000,2.310000,2.630000,0.000725
2013-10-10,136.318390,16.480000,2.360000,2.660000,0.021329
2013-10-11,137.196701,15.720000,2.350000,2.620000,0.006422
2013-10-14,137.744629,16.070000,2.350000,2.620000,0.003986
2013-10-15,136.745499,18.660000,2.380000,2.610000,-0.007280
2013-10-16,138.655258,14.710000,2.350000,2.590000,0.013869
2013-10-17,139.581955,13.480000,2.280000,2.560000,0.006661
2013-10-18,140.524719,13.040000,2.270000,2.560000,0.006731
2013-10-21,140.532791,13.160000,2.300000,2.590000,0.000057
2013-10-22,141.346664,13.330000,2.230000,2.500000,0.005775
2013-10-23,140.669785,13.420000,2.200000,2.470000,-0.004800
2013-10-24,141.137115,13.200000,2.200000,2.500000,0.003317
2013-10-25,141.781708,13.090000,2.210000,2.490000,0.004557
2013-10-28,142.007385,13.310000,2.220000,2.500000,0.001590
2013-10-29,142.764847,13.410000,2.220000,2.490000,0.005320
2013-10-30,142.055725,13.650000,2.220000,2.510000,-0.004979
2013-10-31,141.652847,13.750000,2.260000,2.530000,-0.002840
2013-11-01,141.991257,13.280000,2.320000,2.610000,0.002386
2013-11-04,142.490814,12.930000,2.310000,2.580000,0.003512
2013-11-05,142.039627,13.270000,2.370000,2.640000,-0.003171
2013-11-06,142.764847,12.670000,2.370000,2.620000,0.005093
2013-11-07,140.959793,13.910000,2.340000,2.580000,-0.012724
2013-11-08,142.861557,12.900000,2.450000,2.710000,0.013401
2013-11-11,142.885635,12.530000,2.450000,2.710000,0.000169
2013-11-12,142.595642,12.820000,2.460000,2.720000,-0.002032
2013-11-13,143.739807,12.520000,2.430000,2.670000,0.007992
2013-11-14,144.457062,12.370000,2.400000,2.610000,0.004978
2013-11-15,145.085602,12.190000,2.400000,2.630000,0.004342
2013-11-18,144.577896,13.100000,2.360000,2.580000,-0.003505
2013-11-19,144.263657,13.390000,2.420000,2.630000,-0.002176
2013-11-20,143.812408,13.400000,2.520000,2.720000,-0.003133
2013-11-21,144.972763,12.660000,2.500000,2.720000,0.008036
2013-11-22,145.697998,12.260000,2.440000,2.680000,0.004990
2013-11-25,145.552948,12.790000,2.440000,2.660000,-0.000996
2013-11-26,145.593231,12.810000,2.420000,2.640000,0.000277
2013-11-27,145.947784,12.980000,2.460000,2.670000,0.002432
2013-11-29,145.851044,13.700000,2.470000,2.690000,-0.000663
2013-12-02,145.472305,14.230000,2.510000,2.760000,-0.002600
2013-12-03,144.843842,14.550000,2.510000,2.730000,-0.004330
2013-12-04,144.827713,14.700000,2.540000,2.780000,-0.000111
2013-12-05,144.191162,15.080000,2.580000,2.820000,-0.004405
2013-12-06,145.802673,13.790000,2.580000,2.820000,0.011114
2013-12-09,146.173386,13.490000,2.560000,2.790000,0.002539
2013-12-10,145.649597,13.910000,2.510000,2.740000,-0.003590
2013-12-11,144.013840,15.420000,2.550000,2.790000,-0.011294
2013-12-12,143.538422,15.540000,2.550000,2.820000,-0.003307
2013-12-13,143.522278,15.760000,2.540000,2.810000,-0.000112
2013-12-16,144.416733,16.030000,2.550000,2.820000,0.006213
2013-12-17,143.957458,16.210000,2.510000,2.780000,-0.003185
2013-12-18,146.415115,13.800000,2.570000,2.820000,0.016928
2013-12-19,146.245941,14.150000,2.590000,2.880000,-0.001156
2013-12-20,147.096619,13.790000,2.520000,2.820000,0.005800
2013-12-23,147.882477,13.040000,2.560000,2.870000,0.005328
2013-12-24,148.206528,12.480000,2.610000,2.920000,0.002189
2013-12-26,148.960098,12.330000,2.580000,2.930000,0.005072
2013-12-27,148.951920,12.460000,2.620000,2.950000,-0.000055
2013-12-30,148.927643,13.560000,2.600000,2.920000,-0.000163
2013-12-31,149.632462,13.720000,2.660000,2.970000,0.004721
2014-01-02,148.198456,14.230000,2.610000,2.930000,-0.009630
2014-01-03,148.174179,13.760000,2.600000,2.940000,-0.000164
2014-01-06,147.744797,13.550000,2.580000,2.930000,-0.002902
2014-01-07,148.652222,12.920000,2.560000,2.920000,0.006123
2014-01-08,148.684586,12.870000,2.580000,2.960000,0.000218
2014-01-09,148.781815,12.890000,2.530000,2.930000,0.000654
2014-01-10,149.186966,12.140000,2.490000,2.830000,0.002719
2014-01-13,147.201935,13.280000,2.450000,2.810000,-0.013395
2014-01-14,148.806076,12.280000,2.490000,2.840000,0.010839
2014-01-15,149.608231,12.280000,2.490000,2.860000,0.005376
2014-01-16,149.413742,12.530000,2.450000,2.820000,-0.001301
2014-01-17,148.781815,12.440000,2.440000,2.790000,-0.004238
2014-01-21,149.219299,12.870000,2.450000,2.810000,0.002936
2014-01-22,149.316528,12.840000,2.430000,2.830000,0.000651
2014-01-23,148.093201,13.770000,2.400000,2.750000,-0.008227
2014-01-24,144.933441,18.140000,2.380000,2.710000,-0.021567
2014-01-27,144.220490,17.420000,2.410000,2.730000,-0.004931
2014-01-28,145.079315,15.800000,2.390000,2.720000,0.005937
2014-01-29,143.685776,17.350000,2.330000,2.650000,-0.009652
2014-01-30,145.208893,17.290000,2.360000,2.700000,0.010545
2014-01-31,144.358200,18.410000,2.330000,2.650000,-0.005876
2014-02-03,141.109406,21.440000,2.310000,2.560000,-0.022762
2014-02-04,142.097809,19.110000,2.330000,2.580000,0.006980
2014-02-05,141.919495,19.950000,2.380000,2.630000,-0.001256
2014-02-06,143.791107,17.230000,2.400000,2.660000,0.013102
2014-02-07,145.573471,15.290000,2.410000,2.630000,0.012319
2014-02-10,145.840866,15.260000,2.380000,2.630000,0.001835
2014-02-11,147.436890,14.510000,2.400000,2.700000,0.010884
2014-02-12,147.509857,14.300000,2.450000,2.750000,0.000495
2014-02-13,148.271362,14.140000,2.410000,2.700000,0.005149
2014-02-14,149.089630,13.570000,2.430000,2.730000,0.005504
2014-02-18,149.267883,13.870000,2.400000,2.660000,0.001195
2014-02-19,148.279480,15.500000,2.400000,2.670000,-0.006644
2014-02-20,149.154510,14.790000,2.420000,2.710000,0.005884
2014-02-21,148.984360,14.680000,2.400000,2.680000,-0.001141
2014-02-24,149.810776,14.230000,2.400000,2.700000,0.005532
2014-02-25,149.754059,13.670000,2.360000,2.650000,-0.000379
2014-02-26,149.762085,14.350000,2.340000,2.620000,0.000054
2014-02-27,150.547989,14.040000,2.320000,2.610000,0.005234
2014-02-28,150.928802,14.000000,2.330000,2.610000,0.002526
2014-03-03,149.867447,16.000000,2.280000,2.550000,-0.007057
2014-03-04,151.973862,14.100000,2.370000,2.650000,0.013957
2014-03-05,152.111710,13.890000,2.370000,2.640000,0.000907
2014-03-06,152.460037,14.210000,2.370000,2.690000,0.002287
2014-03-07,152.524826,14.110000,2.420000,2.740000,0.000425
2014-03-10,152.443802,14.200000,2.420000,2.740000,-0.000531
2014-03-11,151.690369,14.800000,2.400000,2.720000,-0.004955
2014-03-12,151.730835,14.470000,2.360000,2.680000,0.000267
2014-03-13,150.029419,16.220000,2.320000,2.610000,-0.011277
2014-03-14,149.608231,17.820000,2.290000,2.600000,-0.002811
2014-03-17,150.961166,15.640000,2.320000,2.640000,0.009003
2014-03-18,152.038712,14.520000,2.320000,2.630000,0.007113
2014-03-19,151.228592,15.120000,2.310000,2.720000,-0.005343
2014-03-20,152.111710,14.520000,2.340000,2.730000,0.005823
2014-03-21,151.521698,15.000000,2.300000,2.690000,-0.003886
2014-03-24,150.895035,15.090000,2.270000,2.680000,-0.004144
2014-03-25,151.611176,14.020000,2.280000,2.700000,0.004735
2014-03-26,150.520752,14.930000,2.260000,2.660000,-0.007218
2014-03-27,150.203384,14.620000,2.240000,2.650000,-0.002111
2014-03-28,150.943909,14.410000,2.280000,2.690000,0.004918
2014-03-31,152.180832,13.880000,2.290000,2.680000,0.008161
2014-04-01,153.189850,13.100000,2.330000,2.730000,0.006609
2014-04-02,153.702576,13.090000,2.350000,2.800000,0.003341
2014-04-03,153.499100,13.370000,2.340000,2.780000,-0.001325
2014-04-04,151.684433,13.960000,2.310000,2.710000,-0.011892
2014-04-07,150.008057,15.570000,2.300000,2.680000,-0.011113
2014-04-08,150.626480,14.890000,2.290000,2.660000,0.004114
2014-04-09,152.245987,13.820000,2.340000,2.670000,0.010694
2014-04-10,149.047882,15.890000,2.280000,2.610000,-0.021230
2014-04-11,147.705200,17.030000,2.260000,2.590000,-0.009049
2014-04-14,148.868820,16.110000,2.280000,2.610000,0.007847
2014-04-15,149.894135,15.610000,2.250000,2.600000,0.006864
2014-04-16,151.464691,14.180000,2.260000,2.610000,0.010423
2014-04-17,151.676331,13.360000,2.300000,2.700000,0.001396
2014-04-21,152.205215,13.250000,2.310000,2.690000,0.003481
2014-04-22,152.896912,13.190000,2.280000,2.700000,0.004534
2014-04-23,152.538879,13.270000,2.270000,2.680000,-0.002344
2014-04-24,152.848099,13.320000,2.270000,2.690000,0.002025
2014-04-25,151.594879,14.060000,2.250000,2.650000,-0.008233
2014-04-28,152.075027,13.970000,2.260000,2.670000,0.003162
2014-04-29,152.783005,13.710000,2.270000,2.690000,0.004645
2014-04-30,153.238708,13.410000,2.250000,2.640000,0.002978
2014-05-01,153.254990,13.250000,2.220000,2.600000,0.000106
2014-05-02,153.035294,12.910000,2.180000,2.580000,-0.001435
2014-05-05,153.328217,13.290000,2.200000,2.600000,0.001912
2014-05-06,151.993622,13.800000,2.180000,2.580000,-0.008742
2014-05-07,152.888779,13.400000,2.210000,2.590000,0.005872
2014-05-08,152.726028,13.430000,2.210000,2.580000,-0.001065
2014-05-09,152.953888,12.920000,2.220000,2.590000,0.001491
2014-05-12,154.443054,12.230000,2.250000,2.630000,0.009689
2014-05-13,154.581451,12.130000,2.220000,2.580000,0.000896
2014-05-14,153.848999,12.170000,2.150000,2.510000,-0.004750
2014-05-15,152.498215,13.170000,2.120000,2.470000,-0.008819
2014-05-16,153.027084,12.440000,2.140000,2.490000,0.003462
2014-05-19,153.588669,12.420000,2.180000,2.510000,0.003663
2014-05-20,152.620270,12.960000,2.170000,2.490000,-0.006325
2014-05-21,153.906052,11.910000,2.170000,2.500000,0.008389
2014-05-22,154.280304,12.030000,2.190000,2.530000,0.002429
2014-05-23,154.898773,11.360000,2.170000,2.500000,0.004001
2014-05-27,155.850891,11.510000,2.130000,2.480000,0.006128
2014-05-28,155.736923,11.680000,2.070000,2.400000,-0.000732
2014-05-29,156.542542,11.570000,2.080000,2.410000,0.005160
2014-05-30,156.794846,11.400000,2.110000,2.440000,0.001610
2014-06-02,156.973816,11.580000,2.150000,2.500000,0.001141
2014-06-03,156.892502,11.870000,2.190000,2.560000,-0.000518
2014-06-04,157.209854,12.080000,2.200000,2.570000,0.002021
2014-06-05,158.235229,11.680000,2.190000,2.550000,0.006501
2014-06-06,158.991989,10.730000,2.190000,2.560000,0.004771
2014-06-09,159.154770,11.150000,2.190000,2.580000,0.001023
2014-06-10,159.171021,10.990000,2.190000,2.600000,0.000102
2014-06-11,158.617630,11.600000,2.210000,2.610000,-0.003483
2014-06-12,157.494644,12.560000,2.160000,2.540000,-0.007105
2014-06-13,157.974792,12.180000,2.150000,2.560000,0.003044
2014-06-16,158.104996,12.650000,2.120000,2.570000,0.000824
2014-06-17,158.544418,12.060000,2.150000,2.620000,0.002775
2014-06-18,159.708099,10.610000,2.130000,2.580000,0.007313
2014-06-19,159.887100,10.620000,2.160000,2.620000,0.001120
2014-06-20,160.211746,10.850000,2.130000,2.610000,0.002028
2014-06-23,160.162674,10.980000,2.150000,2.600000,-0.000306
2014-06-24,159.197830,12.130000,2.100000,2.560000,-0.006042
2014-06-25,159.917374,11.590000,2.090000,2.540000,0.004510
2014-06-26,159.802872,11.630000,2.070000,2.490000,-0.000716
2014-06-27,160.113617,11.260000,2.090000,2.510000,0.001943
2014-06-30,160.031799,11.570000,2.060000,2.490000,-0.000511
2014-07-01,161.102921,11.150000,2.110000,2.560000,0.006671
2014-07-02,161.266479,10.820000,2.150000,2.620000,0.001015
2014-07-03,162.059616,10.320000,2.130000,2.640000,0.004906
2014-07-07,161.495438,11.330000,2.110000,2.590000,-0.003487
2014-07-08,160.457001,11.980000,2.070000,2.550000,-0.006451
2014-07-09,161.176544,11.650000,2.060000,2.540000,0.004474
2014-07-10,160.538773,12.590000,2.090000,2.530000,-0.003965
2014-07-11,160.759537,12.080000,2.050000,2.510000,0.001374
2014-07-14,161.569061,11.820000,2.070000,2.520000,0.005023
2014-07-15,161.266479,11.960000,2.070000,2.540000,-0.001875
2014-07-16,161.863403,11.000000,2.050000,2.530000,0.003695
2014-07-17,160.023651,14.540000,2.000000,2.450000,-0.011431
2014-07-18,161.658951,12.060000,1.990000,2.480000,0.010167
2014-07-21,161.356461,12.810000,1.980000,2.460000,-0.001873
2014-07-22,162.059616,12.240000,1.990000,2.450000,0.004348
2014-07-23,162.419373,11.520000,1.980000,2.450000,0.002217
2014-07-24,162.427582,11.840000,1.990000,2.490000,0.000051
2014-07-25,161.667130,12.690000,1.950000,2.450000,-0.004693
2014-07-28,161.732590,12.560000,1.960000,2.460000,0.000405
2014-07-29,161.037506,13.280000,1.930000,2.450000,-0.004307
2014-07-30,161.062057,13.330000,2.010000,2.530000,0.000152
2014-07-31,157.881378,16.950000,2.050000,2.550000,-0.019946
2014-08-01,157.399002,17.030000,2.050000,2.490000,-0.003060
2014-08-04,158.535522,15.120000,2.040000,2.470000,0.007195
2014-08-05,156.998322,16.870000,2.020000,2.460000,-0.009744
2014-08-06,157.047379,16.370000,2.010000,2.460000,0.000312
2014-08-07,156.197037,16.660000,1.990000,2.400000,-0.005429
2014-08-08,158.004028,15.770000,1.990000,2.410000,0.011502
2014-08-11,158.461899,14.230000,1.970000,2.400000,0.002894
2014-08-12,158.241180,14.130000,2.010000,2.430000,-0.001394
2014-08-13,159.312271,12.900000,2.000000,2.390000,0.006746
2014-08-14,160.064529,12.420000,1.980000,2.360000,0.004711
2014-08-15,160.031799,13.150000,1.920000,2.310000,-0.000205
2014-08-18,161.372772,12.320000,1.950000,2.360000,0.008345
2014-08-19,162.214951,12.210000,1.940000,2.370000,0.005205
2014-08-20,162.648361,11.780000,1.940000,2.390000,0.002668
2014-08-21,163.122589,11.760000,1.920000,2.390000,0.002911
2014-08-22,162.869110,11.470000,1.870000,2.370000,-0.001555
2014-08-25,163.694946,11.700000,1.860000,2.350000,0.005058
2014-08-26,163.801208,11.630000,1.870000,2.360000,0.000649
2014-08-27,163.735870,11.780000,1.860000,2.330000,-0.000399
2014-08-28,163.645844,12.050000,1.840000,2.310000,-0.000550
2014-08-29,164.111923,11.980000,1.870000,2.320000,0.002844
2014-09-02,164.030167,12.250000,1.890000,2.390000,-0.000498
2014-09-03,163.940170,12.360000,1.890000,2.380000,-0.000549
2014-09-04,163.703094,12.640000,1.910000,2.420000,-0.001447
2014-09-05,164.438934,12.090000,1.940000,2.430000,0.004485
2014-09-08,164.013794,12.660000,1.940000,2.460000,-0.002589
2014-09-09,162.975403,13.500000,1.940000,2.480000,-0.006351
2014-09-10,163.588593,12.880000,1.960000,2.520000,0.003755
2014-09-11,163.776657,12.800000,1.960000,2.520000,0.001149
2014-09-12,162.820084,13.310000,2.040000,2.600000,-0.005858
2014-09-15,162.697433,14.120000,2.020000,2.580000,-0.000754
2014-09-16,163.923859,12.730000,2.050000,2.580000,0.007510
2014-09-17,164.144608,12.650000,2.030000,2.600000,0.001346
2014-09-18,165.019531,12.030000,2.040000,2.610000,0.005316
2014-09-19,164.870880,12.110000,2.000000,2.570000,-0.000901
2014-09-22,163.597595,13.690000,1.990000,2.560000,-0.007753
2014-09-23,162.661072,14.930000,1.970000,2.530000,-0.005741
2014-09-24,163.934372,13.270000,1.980000,2.550000,0.007797
2014-09-25,161.289200,15.640000,1.960000,2.510000,-0.016267
2014-09-26,162.570663,14.850000,1.950000,2.530000,0.007914
2014-09-29,162.274933,15.980000,1.920000,2.480000,-0.001821
2014-09-30,161.847809,16.310000,1.940000,2.500000,-0.002636
2014-10-01,159.654419,16.710000,1.890000,2.400000,-0.013645
2014-10-02,159.679077,16.160000,1.910000,2.430000,0.000154
2014-10-03,161.437073,14.550000,1.880000,2.440000,0.010949
2014-10-06,161.248138,15.460000,1.890000,2.410000,-0.001171
2014-10-07,158.759064,17.200000,1.840000,2.340000,-0.015557
2014-10-08,161.535660,15.110000,1.890000,2.340000,0.017338
2014-10-09,158.331848,18.760000,1.880000,2.330000,-0.020033
2014-10-10,156.524643,21.240000,1.860000,2.300000,-0.011480
2014-10-13,153.953354,24.640000,1.860000,2.300000,-0.016564
2014-10-14,154.191605,22.790000,1.820000,2.190000,0.001546
2014-10-15,153.148346,26.250000,1.810000,2.130000,-0.006789
2014-10-16,153.016983,25.200000,1.820000,2.140000,-0.000858
2014-10-17,154.824173,21.990000,1.830000,2.200000,0.011741
2014-10-20,156.327438,18.570000,1.830000,2.180000,0.009663
2014-10-21,159.424438,16.080000,1.850000,2.210000,0.019617
2014-10-22,158.290787,17.870000,1.840000,2.230000,-0.007136
2014-10-23,160.130920,16.530000,1.880000,2.280000,0.011558
2014-10-24,161.363098,16.110000,1.880000,2.280000,0.007665
2014-10-27,161.141327,16.040000,1.860000,2.250000,-0.001375
2014-10-28,162.989685,14.390000,1.880000,2.280000,0.011405
2014-10-29,162.743210,15.150000,1.860000,2.310000,-0.001513
2014-10-30,163.786530,14.520000,1.840000,2.310000,0.006390
2014-10-31,165.659454,14.030000,1.850000,2.340000,0.011370
2014-11-03,165.749832,14.730000,1.840000,2.340000,0.000545
2014-11-04,165.174820,14.890000,1.830000,2.320000,-0.003475
2014-11-05,166.218079,14.170000,1.840000,2.330000,0.006296
2014-11-06,166.883499,13.670000,1.850000,2.360000,0.003995
2014-11-07,167.039566,13.120000,1.810000,2.290000,0.000935
2014-11-10,167.565308,12.670000,1.830000,2.360000,0.003142
2014-11-11,167.729584,12.920000,1.830000,2.360000,0.000980
2014-11-12,167.548843,13.020000,1.820000,2.350000,-0.001078
2014-11-13,167.737808,13.790000,1.820000,2.330000,0.001127
2014-11-14,167.778900,13.310000,1.780000,2.300000,0.000245
2014-11-17,167.885651,13.990000,1.800000,2.310000,0.000636
2014-11-18,168.855087,13.860000,1.790000,2.300000,0.005758
2014-11-19,168.583923,13.960000,1.820000,2.350000,-0.001607
2014-11-20,168.879654,13.580000,1.810000,2.320000,0.001753
2014-11-21,169.783264,12.900000,1.780000,2.300000,0.005336
2014-11-24,170.259720,12.620000,1.770000,2.280000,0.002802
2014-11-25,170.136505,12.250000,1.760000,2.250000,-0.000724
2014-11-26,170.571899,12.070000,1.710000,2.220000,0.002556
2014-11-28,170.210449,13.330000,1.710000,2.160000,-0.002121
2014-12-01,169.027512,14.290000,1.730000,2.190000,-0.006974
2014-12-02,170.120102,12.850000,1.730000,2.250000,0.006443
2014-12-03,170.777344,12.470000,1.720000,2.280000,0.003856
2014-12-04,170.588348,12.380000,1.700000,2.230000,-0.001107
2014-12-05,170.867691,11.820000,1.660000,2.290000,0.001636
2014-12-08,169.725769,14.210000,1.620000,2.230000,-0.006706
2014-12-09,169.610764,14.890000,1.580000,2.180000,-0.000678
2014-12-10,166.891739,18.530000,1.590000,2.150000,-0.016161
2014-12-11,167.737808,20.080000,1.570000,2.160000,0.005057
2014-12-12,165.026917,21.080000,1.540000,2.080000,-0.016294
2014-12-15,163.893280,20.420000,1.520000,2.080000,-0.006893
2014-12-16,162.578918,23.570000,1.490000,2.040000,-0.008052
2014-12-17,165.766266,19.440000,1.520000,2.110000,0.019415
2014-12-18,169.865479,16.810000,1.550000,2.180000,0.024428
2014-12-19,170.588211,16.490000,1.500000,2.130000,0.004246
2014-12-22,171.372894,15.250000,1.460000,2.120000,0.004589
2014-12-23,171.604187,14.800000,1.530000,2.230000,0.001349
2014-12-24,171.620728,14.370000,1.540000,2.260000,0.000096
2014-12-26,172.174149,14.500000,1.520000,2.240000,0.003219
2014-12-29,172.405441,15.060000,1.500000,2.190000,0.001342
2014-12-30,171.480331,15.920000,1.510000,2.170000,-0.005380
2014-12-31,169.778702,19.200000,1.500000,2.130000,-0.009973
2015-01-02,169.687866,17.790000,1.460000,2.100000,-0.000535
2015-01-05,166.623352,19.920000,1.360000,2.010000,-0.018225
2015-01-06,165.053925,21.120000,1.320000,1.940000,-0.009464
2015-01-07,167.110641,19.310000,1.340000,1.930000,0.012384
2015-01-08,170.076035,17.010000,1.410000,2.000000,0.017589
2015-01-09,168.713196,17.550000,1.390000,1.960000,-0.008045
2015-01-12,167.391495,19.600000,1.360000,1.890000,-0.007865
2015-01-13,166.920670,20.560000,1.370000,1.880000,-0.002817
2015-01-14,165.913010,21.480000,1.350000,1.820000,-0.006055
2015-01-15,164.393097,22.390000,1.330000,1.740000,-0.009203
2015-01-16,166.549026,20.950000,1.340000,1.800000,0.013029
2015-01-20,166.904190,19.890000,1.290000,1.790000,0.002130
2015-01-21,167.746719,18.850000,1.340000,1.840000,0.005035
2015-01-22,170.241272,16.400000,1.370000,1.870000,0.014761
2015-01-23,169.307861,16.660000,1.290000,1.790000,-0.005498
2015-01-26,169.704376,15.520000,1.290000,1.800000,0.002339
2015-01-27,167.465912,17.220000,1.290000,1.810000,-0.013278
2015-01-28,165.318253,20.440000,1.230000,1.710000,-0.012907
2015-01-29,166.846359,18.760000,1.260000,1.740000,0.009201
2015-01-30,164.748260,20.970000,1.210000,1.660000,-0.012655
2015-02-02,166.788574,19.430000,1.190000,1.660000,0.012308
2015-02-03,169.200500,17.330000,1.270000,1.770000,0.014357
2015-02-04,168.556183,18.330000,1.290000,1.800000,-0.003815
2015-02-05,170.257797,16.850000,1.310000,1.810000,0.010045
2015-02-06,169.787018,17.290000,1.300000,1.930000,-0.002769
2015-02-09,169.027039,18.550000,1.310000,1.950000,-0.004486
2015-02-10,170.827774,17.230000,1.340000,2.000000,0.010597
2015-02-11,170.926834,16.960000,1.330000,1.990000,0.000580
2015-02-12,172.570618,15.340000,1.380000,1.970000,0.009571
2015-02-13,173.281006,14.690000,1.360000,2.010000,0.004108
2015-02-17,173.553528,15.800000,1.440000,2.120000,0.001571
2015-02-18,173.570129,15.450000,1.450000,2.050000,0.000096
2015-02-19,173.446213,15.290000,1.440000,2.090000,-0.000714
2015-02-20,174.486954,14.300000,1.460000,2.110000,0.005982
2015-02-23,174.462219,14.560000,1.420000,2.040000,-0.000142
2015-02-24,174.957840,13.690000,1.390000,1.970000,0.002837
2015-02-25,174.809143,13.840000,1.350000,1.940000,-0.000850
2015-02-26,174.602661,13.910000,1.370000,2.000000,-0.001182
2015-02-27,174.007965,13.340000,1.370000,1.980000,-0.003412
2015-03-02,175.106552,13.040000,1.420000,2.060000,0.006294
2015-03-03,174.387894,13.860000,1.440000,2.100000,-0.004113
2015-03-04,173.652740,14.230000,1.460000,2.110000,-0.004225
2015-03-05,173.842667,14.040000,1.460000,2.090000,0.001093
2015-03-06,171.397705,15.200000,1.510000,2.230000,-0.014164
2015-03-09,172.108032,15.060000,1.500000,2.180000,0.004136
2015-03-10,169.316132,16.690000,1.440000,2.120000,-0.016355
2015-03-11,168.919632,16.870000,1.410000,2.080000,-0.002345
2015-03-12,171.067291,15.420000,1.430000,2.070000,0.012634
2015-03-13,170.018295,16.000000,1.450000,2.100000,-0.006151
2015-03-16,172.289780,15.610000,1.440000,2.050000,0.013272
2015-03-17,171.777634,15.660000,1.360000,2.010000,-0.002977
2015-03-18,173.842667,13.970000,1.360000,1.900000,0.011950
2015-03-19,173.049728,14.070000,1.350000,1.950000,-0.004572
2015-03-20,174.577240,13.020000,1.330000,1.920000,0.008788
2015-03-23,174.237045,13.410000,1.320000,1.890000,-0.001951
2015-03-24,173.258011,13.620000,1.300000,1.860000,-0.005635
2015-03-25,170.719101,15.440000,1.340000,1.890000,-0.014762
2015-03-26,170.312515,15.800000,1.400000,1.980000,-0.002384
2015-03-27,170.702515,15.070000,1.370000,1.910000,0.002287
2015-03-30,172.785080,14.510000,1.380000,1.920000,0.012126
2015-03-31,171.275024,15.290000,1.380000,1.910000,-0.008778
2015-04-01,170.669342,15.110000,1.320000,1.840000,-0.003543
2015-04-02,171.283310,14.670000,1.370000,1.900000,0.003591
2015-04-06,172.436584,14.740000,1.410000,1.890000,0.006711
2015-04-07,171.980209,14.780000,1.370000,1.870000,-0.002650
2015-04-08,172.561020,13.980000,1.380000,1.890000,0.003372
2015-04-09,173.324371,13.090000,1.410000,1.940000,0.004414
2015-04-10,174.270218,12.580000,1.390000,1.940000,0.005442
2015-04-13,173.482025,13.940000,1.400000,1.910000,-0.004533
2015-04-14,173.813873,13.670000,1.370000,1.880000,0.001911
2015-04-15,174.593796,12.840000,1.400000,1.890000,0.004477
2015-04-16,174.544022,12.600000,1.400000,1.880000,-0.000285
2015-04-17,172.536118,13.890000,1.360000,1.860000,-0.011570
2015-04-20,174.112579,13.300000,1.350000,1.870000,0.009096
2015-04-21,173.905151,13.250000,1.370000,1.890000,-0.001192
2015-04-22,174.759750,12.710000,1.420000,1.960000,0.004902
2015-04-23,175.199463,12.480000,1.410000,1.930000,0.002513
2015-04-24,175.606064,12.290000,1.390000,1.900000,0.002318
2015-04-27,174.875900,13.120000,1.400000,1.920000,-0.004167
2015-04-28,175.431793,12.410000,1.440000,1.980000,0.003174
2015-04-29,174.710007,13.390000,1.500000,2.050000,-0.004123
2015-04-30,172.959335,14.550000,1.470000,2.040000,-0.010071
2015-05-01,174.834427,12.700000,1.520000,2.110000,0.010783
2015-05-04,175.332230,12.850000,1.560000,2.140000,0.002843
2015-05-05,173.324371,14.310000,1.570000,2.180000,-0.011518
2015-05-06,172.610794,15.150000,1.600000,2.230000,-0.004126
2015-05-07,173.299454,15.130000,1.550000,2.170000,0.003982
2015-05-08,175.581146,12.860000,1.570000,2.150000,0.013080
2015-05-11,174.743164,13.850000,1.660000,2.260000,-0.004784
2015-05-12,174.220428,13.860000,1.670000,2.250000,-0.002996
2015-05-13,174.253662,13.760000,1.680000,2.250000,0.000191
2015-05-14,176.070679,12.740000,1.670000,2.220000,0.010373
2015-05-15,176.261520,12.380000,1.590000,2.120000,0.001083
2015-05-18,176.809143,12.730000,1.650000,2.210000,0.003102
2015-05-19,176.751007,12.850000,1.640000,2.250000,-0.000329
2015-05-20,176.626602,12.880000,1.660000,2.240000,-0.000704
2015-05-21,177.140930,12.110000,1.590000,2.170000,0.002908
2015-05-22,176.717804,12.130000,1.570000,2.190000,-0.002391
2015-05-26,174.817841,14.060000,1.500000,2.120000,-0.010810
2015-05-27,176.477219,13.270000,1.500000,2.130000,0.009447
2015-05-28,176.278152,13.310000,1.510000,2.120000,-0.001129
2015-05-29,175.182846,13.840000,1.510000,2.110000,-0.006233
2015-06-01,175.539658,13.970000,1.550000,2.170000,0.002035
2015-06-02,175.365479,14.240000,1.630000,2.260000,-0.000993
2015-06-03,175.830078,13.660000,1.690000,2.360000,0.002646
2015-06-04,174.344910,14.710000,1.650000,2.290000,-0.008482
2015-06-05,174.046188,14.210000,1.680000,2.380000,-0.001715
2015-06-08,172.975891,15.290000,1.690000,2.370000,-0.006168
2015-06-09,172.950912,14.470000,1.700000,2.400000,-0.000144
2015-06-10,175.025223,13.220000,1.750000,2.480000,0.011922
2015-06-11,175.589478,12.850000,1.660000,2.380000,0.003219
2015-06-12,174.245270,13.780000,1.650000,2.370000,-0.007685
2015-06-15,173.498611,15.390000,1.640000,2.340000,-0.004294
2015-06-16,174.444443,14.810000,1.610000,2.310000,0.005437
2015-06-17,174.726578,14.500000,1.650000,2.310000,0.001616
2015-06-18,176.543640,13.190000,1.690000,2.340000,0.010346
2015-06-19,175.759811,13.960000,1.610000,2.250000,-0.004450
2015-06-22,176.660278,12.740000,1.690000,2.360000,0.005110
2015-06-23,176.785385,12.110000,1.720000,2.410000,0.000708
2015-06-24,175.501419,13.260000,1.700000,2.370000,-0.007289
2015-06-25,174.967865,14.010000,1.720000,2.390000,-0.003045
2015-06-26,174.934494,14.020000,1.770000,2.480000,-0.000191
2015-06-29,171.266022,18.850000,1.690000,2.310000,-0.021194
2015-06-30,171.624527,18.230000,1.710000,2.340000,0.002091
2015-07-01,173.000275,16.090000,1.740000,2.420000,0.007984
2015-07-02,172.841827,16.790000,1.760000,2.390000,-0.000916
2015-07-06,172.349869,17.010000,1.700000,2.280000,-0.002850
2015-07-07,173.433792,16.090000,1.690000,2.250000,0.006269
2015-07-08,170.524048,19.660000,1.670000,2.200000,-0.016920
2015-07-09,170.832520,19.970000,1.720000,2.290000,0.001807
2015-07-10,172.983505,16.830000,1.770000,2.410000,0.012513
2015-07-13,174.892822,13.900000,1.750000,2.420000,0.010977
2015-07-14,175.651459,13.370000,1.750000,2.400000,0.004328
2015-07-15,175.593094,13.230000,1.720000,2.340000,-0.000332
2015-07-16,177.002167,12.110000,1.690000,2.340000,0.007993
2015-07-17,177.152191,11.950000,1.660000,2.310000,0.000847
2015-07-20,177.243958,12.250000,1.670000,2.340000,0.000518
2015-07-21,176.543610,12.220000,1.640000,2.320000,-0.003959
2015-07-22,176.226746,12.120000,1.580000,2.290000,-0.001796
2015-07-23,175.234619,12.640000,1.570000,2.250000,-0.005646
2015-07-24,173.417099,13.740000,1.570000,2.230000,-0.010426
2015-07-27,172.408279,15.600000,1.550000,2.180000,-0.005834
2015-07-28,174.525940,13.440000,1.570000,2.210000,0.012208
2015-07-29,175.726547,12.500000,1.590000,2.230000,0.006856
2015-07-30,175.768204,12.130000,1.560000,2.210000,0.000237
2015-07-31,175.501419,12.120000,1.530000,2.120000,-0.001519
2015-08-03,174.909470,12.560000,1.480000,2.080000,-0.003379
2015-08-04,174.567627,13.000000,1.490000,2.150000,-0.001956
2015-08-05,175.142929,12.510000,1.550000,2.200000,0.003290
2015-08-06,173.708893,13.770000,1.520000,2.190000,-0.008222
2015-08-07,173.375381,13.390000,1.450000,2.120000,-0.001922
2015-08-10,175.559753,12.230000,1.510000,2.120000,0.012520
2015-08-11,173.975693,13.710000,1.470000,2.050000,-0.009064
2015-08-12,174.184174,13.610000,1.470000,2.040000,0.001198
2015-08-13,173.967346,13.490000,1.470000,2.090000,-0.001246
2015-08-14,174.600952,12.830000,1.470000,2.110000,0.003635
2015-08-17,175.576447,13.020000,1.440000,2.060000,0.005571
2015-08-18,175.067871,13.790000,1.460000,2.130000,-0.002901
2015-08-19,173.683914,15.250000,1.450000,2.070000,-0.007937
2015-08-20,170.057159,19.140000,1.400000,2.070000,-0.021102
2015-08-21,164.937958,28.030000,1.410000,2.020000,-0.030565
2015-08-24,157.992950,40.740000,1.420000,1.950000,-0.043019
2015-08-25,156.133743,36.020000,1.450000,2.050000,-0.011837
2015-08-26,162.128281,30.320000,1.510000,2.120000,0.037675
2015-08-27,166.138580,26.100000,1.500000,2.120000,0.024434
2015-08-28,166.146896,26.050000,1.470000,2.130000,0.000050
2015-08-31,164.804581,28.430000,1.470000,2.130000,-0.008112
2015-09-01,159.885544,31.400000,1.470000,2.140000,-0.030302
2015-09-02,162.920364,26.090000,1.480000,2.170000,0.018803
2015-09-03,163.037079,25.610000,1.470000,2.160000,0.000716
2015-09-04,160.569168,27.800000,1.420000,2.110000,-0.015253
2015-09-08,164.604507,24.900000,1.460000,2.140000,0.024821
2015-09-09,162.403427,26.230000,1.460000,2.180000,-0.013462
2015-09-10,163.287201,24.370000,1.480000,2.210000,0.005427
2015-09-11,164.029190,23.200000,1.490000,2.160000,0.004534
2015-09-14,163.420547,24.250000,1.450000,2.110000,-0.003717
2015-09-15,165.463242,22.540000,1.460000,2.210000,0.012422
2015-09-16,166.897293,21.350000,1.480000,2.240000,0.008630
2015-09-17,166.522064,21.140000,1.510000,2.200000,-0.002251
2015-09-18,163.800842,22.280000,1.440000,2.130000,-0.016477
2015-09-21,164.647339,20.140000,1.480000,2.190000,0.005155
2015-09-22,162.510239,22.440000,1.450000,2.140000,-0.013065
2015-09-23,162.250504,22.130000,1.460000,2.150000,-0.001600
2015-09-24,161.663742,23.470000,1.460000,2.120000,-0.003623
2015-09-25,161.621918,23.620000,1.470000,2.170000,-0.000259
2015-09-28,157.565613,27.630000,1.430000,2.090000,-0.025418
2015-09-29,157.657791,26.830000,1.410000,2.040000,0.000585
2015-09-30,160.599472,24.500000,1.420000,2.060000,0.018487
2015-10-01,161.018478,22.550000,1.410000,2.050000,0.002606
2015-10-02,163.423737,20.940000,1.410000,1.990000,0.014827
2015-10-05,166.331802,19.540000,1.460000,2.060000,0.017638
2015-10-06,165.761963,19.400000,1.440000,2.050000,-0.003432
2015-10-07,167.119644,18.400000,1.430000,2.080000,0.008157
2015-10-08,168.628189,17.420000,1.470000,2.120000,0.008986
2015-10-09,168.728745,17.080000,1.470000,2.110000,0.000596
2015-10-12,168.887955,16.170000,1.470000,2.110000,0.000943
2015-10-13,167.823608,17.670000,1.420000,2.050000,-0.006322
2015-10-14,167.019058,18.030000,1.420000,1.990000,-0.004806
2015-10-15,169.583542,16.050000,1.430000,2.030000,0.015238
2015-10-16,170.354553,15.050000,1.430000,2.030000,0.004536
2015-10-19,170.438385,14.980000,1.430000,2.020000,0.000492
2015-10-20,170.220520,15.750000,1.420000,2.060000,-0.001279
2015-10-21,169.164474,16.700000,1.400000,2.030000,-0.006223
2015-10-22,172.022339,14.450000,1.430000,2.040000,0.016753
2015-10-23,173.908005,14.460000,1.430000,2.080000,0.010902
2015-10-26,173.480576,15.290000,1.410000,2.050000,-0.002461
2015-10-27,173.145340,15.430000,1.400000,2.020000,-0.001934
2015-10-28,175.114838,14.330000,1.370000,2.060000,0.011311
2015-10-29,175.014267,14.610000,1.440000,2.120000,-0.000574
2015-10-30,174.259979,15.070000,1.410000,2.080000,-0.004319
2015-11-02,176.321594,14.150000,1.430000,2.120000,0.011761
2015-11-03,176.832870,14.540000,1.430000,2.170000,0.002895
2015-11-04,176.296539,15.510000,1.410000,2.200000,-0.003038
2015-11-05,176.120514,15.050000,1.410000,2.210000,-0.000999
2015-11-06,176.028290,14.330000,1.440000,2.260000,-0.000524
2015-11-09,174.385712,16.520000,1.470000,2.220000,-0.009375
2015-11-10,174.787949,15.290000,1.450000,2.190000,0.002304
2015-11-11,174.100769,16.060000,1.450000,2.190000,-0.003939
2015-11-12,171.670334,18.370000,1.430000,2.180000,-0.014058
2015-11-13,169.742752,20.080000,1.420000,2.140000,-0.011292
2015-11-16,172.324020,18.160000,1.390000,2.120000,0.015092
2015-11-17,172.198364,18.840000,1.390000,2.110000,-0.000729
2015-11-18,174.930450,16.850000,1.370000,2.150000,0.015741
2015-11-19,174.779602,16.990000,1.330000,2.130000,-0.000863
2015-11-20,175.416504,15.470000,1.330000,2.140000,0.003637
2015-11-23,175.215408,15.620000,1.310000,2.110000,-0.001147
2015-11-24,175.450073,15.930000,1.310000,2.080000,0.001338
2015-11-25,175.424911,15.190000,1.300000,2.040000,-0.000143
2015-11-27,175.626068,15.120000,1.300000,2.040000,0.001146
2015-11-30,174.896896,16.130000,1.270000,1.990000,-0.004160
2015-12-01,176.564667,14.670000,1.240000,1.940000,0.009491
2015-12-02,174.762878,15.910000,1.240000,1.970000,-0.010257
2015-12-03,172.315659,18.110000,1.370000,2.120000,-0.014102
2015-12-04,175.676346,14.810000,1.320000,2.050000,0.019315
2015-12-07,174.611984,15.840000,1.290000,1.940000,-0.006077
2015-12-08,173.438675,17.600000,1.300000,1.970000,-0.006742
2015-12-09,172.089401,19.610000,1.290000,1.960000,-0.007810
2015-12-10,172.533524,19.340000,1.290000,2.000000,0.002577
2015-12-11,169.189636,24.390000,1.250000,1.900000,-0.019571
2015-12-14,170.044479,22.730000,1.260000,1.970000,0.005040
2015-12-15,171.829559,20.950000,1.300000,2.030000,0.010443
2015-12-16,174.343842,17.860000,1.280000,2.030000,0.014526
2015-12-17,171.687103,18.940000,1.240000,2.010000,-0.015356
2015-12-18,168.628525,20.700000,1.220000,2.000000,-0.017975
2015-12-21,170.019531,18.700000,1.240000,1.960000,0.008215
2015-12-22,171.562332,16.600000,1.250000,2.030000,0.009033
2015-12-23,173.686813,15.570000,1.260000,2.070000,0.012307
2015-12-24,173.400192,15.740000,1.220000,2.050000,-0.001652
2015-12-28,173.003983,16.910000,1.190000,2.010000,-0.002288
2015-12-29,174.850281,16.080000,1.230000,2.090000,0.010615
2015-12-30,173.610977,17.290000,1.230000,2.100000,-0.007113
2015-12-31,171.874268,18.210000,1.210000,2.110000,-0.010054
2016-01-04,169.471588,20.700000,1.220000,2.020000,-0.014078
2016-01-05,169.758209,19.340000,1.210000,2.050000,0.001690
2016-01-06,167.616852,20.590000,1.190000,1.970000,-0.012694
2016-01-07,163.595398,24.990000,1.200000,1.960000,-0.024284
2016-01-08,161.799728,27.010000,1.190000,1.930000,-0.011037
2016-01-11,161.959915,24.300000,1.230000,1.960000,0.000990
2016-01-12,163.266647,22.470000,1.190000,1.910000,0.008036
2016-01-13,159.194656,25.220000,1.170000,1.860000,-0.025257
2016-01-14,161.808121,23.950000,1.200000,1.850000,0.016283
2016-01-15,158.334808,27.020000,1.180000,1.790000,-0.021699
2016-01-19,158.545471,26.050000,1.180000,1.800000,0.001330
2016-01-20,156.513763,27.590000,1.160000,1.750000,-0.012897
2016-01-21,157.390549,26.690000,1.180000,1.740000,0.005586
2016-01-22,160.619446,22.340000,1.190000,1.760000,0.020308
2016-01-25,158.191437,24.150000,1.150000,1.720000,-0.015232
2016-01-26,160.349701,22.500000,1.160000,1.700000,0.013551
2016-01-27,158.604538,23.110000,1.180000,1.700000,-0.010943
2016-01-28,159.430725,22.420000,1.170000,1.650000,0.005196
2016-01-29,163.317245,20.200000,1.180000,1.610000,0.024085
2016-02-01,163.258209,19.980000,1.160000,1.620000,-0.000362
2016-02-02,160.315948,21.980000,1.120000,1.530000,-0.018187
2016-02-03,161.277039,21.650000,1.160000,1.550000,0.005977
2016-02-04,161.529999,21.840000,1.170000,1.580000,0.001567
2016-02-05,158.452820,23.380000,1.120000,1.560000,-0.019234
2016-02-08,156.319824,26.000000,1.090000,1.430000,-0.013553
2016-02-09,156.328247,26.540000,1.050000,1.440000,0.000054
2016-02-10,156.193375,26.290000,1.000000,1.400000,-0.000863
2016-02-11,154.161575,28.140000,0.990000,1.350000,-0.013094
2016-02-12,157.339966,25.400000,1.030000,1.440000,0.020408
2016-02-16,159.995575,24.110000,1.040000,1.480000,0.016737
2016-02-17,162.609070,22.310000,1.070000,1.510000,0.016203
2016-02-18,161.943039,21.640000,1.040000,1.450000,-0.004104
2016-02-19,161.867142,20.530000,1.000000,1.450000,-0.000469
2016-02-22,164.210892,19.380000,0.990000,1.440000,0.014376
2016-02-23,162.136963,20.980000,0.980000,1.420000,-0.012710
2016-02-24,162.878799,20.720000,1.000000,1.420000,0.004565
2016-02-25,164.851517,19.110000,0.990000,1.390000,0.012039
2016-02-26,164.472214,19.810000,0.960000,1.430000,-0.002304
2016-02-29,163.182281,20.550000,0.960000,1.410000,-0.007874
2016-03-01,167.018250,17.700000,0.980000,1.500000,0.023235
2016-03-02,167.768570,17.090000,0.990000,1.480000,0.004482
2016-03-03,168.426163,16.700000,0.980000,1.550000,0.003912
2016-03-04,168.974152,16.860000,1.000000,1.590000,0.003248
2016-03-07,169.108994,17.350000,1.000000,1.590000,0.000798
2016-03-08,167.262756,18.670000,0.950000,1.540000,-0.010977
2016-03-09,168.088898,18.340000,1.000000,1.600000,0.004927
2016-03-10,168.223831,18.050000,1.000000,1.610000,0.000802
2016-03-11,170.938461,16.500000,1.010000,1.650000,0.016008
2016-03-14,170.719254,16.920000,1.000000,1.630000,-0.001283
2016-03-15,170.441071,16.840000,0.990000,1.630000,-0.001631
2016-03-16,171.427414,14.990000,1.070000,1.630000,0.005770
2016-03-17,172.514984,14.440000,1.040000,1.620000,0.006324
2016-03-18,173.192886,14.020000,1.040000,1.580000,0.003922
2016-03-21,173.438675,13.790000,1.050000,1.610000,0.001418
2016-03-22,173.345459,14.170000,1.030000,1.640000,-0.000538
2016-03-23,172.201462,14.940000,1.010000,1.580000,-0.006621
2016-03-24,172.125153,14.740000,1.020000,1.610000,-0.000443
2016-03-28,172.226837,15.240000,1.000000,1.600000,0.000591
2016-03-29,173.820007,13.820000,1.030000,1.580000,0.009208
2016-03-30,174.582626,13.560000,1.070000,1.630000,0.004378
2016-03-31,174.158936,13.950000,1.050000,1.570000,-0.002430
2016-04-01,175.345322,13.100000,1.030000,1.560000,0.006789
2016-04-04,174.777512,14.120000,1.030000,1.550000,-0.003243
2016-04-05,173.031937,15.420000,1.010000,1.500000,-0.010038
2016-04-06,174.921631,14.090000,1.030000,1.530000,0.010862
2016-04-07,172.828506,16.160000,1.000000,1.470000,-0.012038
2016-04-08,173.294556,15.360000,1.020000,1.490000,0.002693
2016-04-11,172.887833,16.260000,1.030000,1.500000,-0.002350
2016-04-12,174.497925,14.850000,1.050000,1.570000,0.009270
2016-04-13,176.260513,13.840000,1.020000,1.540000,0.010050
2016-04-14,176.268997,13.720000,1.030000,1.580000,0.000048
2016-04-15,176.074066,13.620000,1.020000,1.540000,-0.001106
2016-04-18,177.311279,13.350000,1.030000,1.560000,0.007002
2016-04-19,177.870575,13.240000,1.020000,1.580000,0.003149
2016-04-20,178.040085,13.280000,1.050000,1.620000,0.000953
2016-04-21,177.082504,13.950000,1.060000,1.650000,-0.005393
2016-04-22,177.082504,13.220000,1.050000,1.660000,0.000000
2016-04-25,176.777435,14.080000,1.060000,1.660000,-0.001724
2016-04-26,177.040115,13.960000,1.080000,1.700000,0.001485
2016-04-27,177.404587,13.770000,1.040000,1.630000,0.002057
2016-04-28,175.794510,15.220000,1.060000,1.620000,-0.009117
2016-04-29,174.845367,15.700000,1.060000,1.610000,-0.005414
2016-05-02,176.235123,14.680000,1.080000,1.660000,0.007917
2016-05-03,174.701324,15.600000,1.060000,1.600000,-0.008741
2016-05-04,173.726776,16.050000,1.040000,1.600000,-0.005594
2016-05-05,173.692825,15.910000,1.040000,1.560000,-0.000195
2016-05-06,174.328400,14.720000,1.050000,1.600000,0.003653
2016-05-09,174.472488,14.570000,1.050000,1.530000,0.000826
2016-05-10,176.641830,13.630000,1.050000,1.530000,0.012357
2016-05-11,174.989410,14.690000,0.990000,1.470000,-0.009399
2016-05-12,175.040268,14.410000,0.990000,1.480000,0.000291
2016-05-13,173.514954,15.040000,0.950000,1.420000,-0.008752
2016-05-16,175.226669,14.680000,0.960000,1.470000,0.009817
2016-05-17,173.591248,15.570000,0.940000,1.480000,-0.009377
2016-05-18,173.642044,15.950000,0.970000,1.570000,0.000293
2016-05-19,173.040375,16.330000,0.960000,1.540000,-0.003471
2016-05-20,174.133560,15.200000,0.960000,1.520000,0.006298
2016-05-23,173.896271,15.820000,0.930000,1.490000,-0.001364
2016-05-24,176.150314,14.420000,0.940000,1.510000,0.012879
2016-05-25,177.345245,13.900000,0.950000,1.540000,0.006761
2016-05-26,177.396057,13.430000,0.960000,1.520000,0.000286
2016-05-27,178.158752,13.120000,0.950000,1.530000,0.004290
2016-05-31,177.819733,14.190000,0.970000,1.500000,-0.001905
2016-06-01,178.184128,14.200000,0.940000,1.550000,0.002047
2016-06-02,178.726456,13.630000,0.920000,1.520000,0.003039
2016-06-03,178.192551,13.470000,0.930000,1.410000,-0.002992
2016-06-06,179.099350,13.650000,0.930000,1.450000,0.005076
2016-06-07,179.379013,14.050000,0.940000,1.440000,0.001560
2016-06-08,179.963715,14.080000,0.930000,1.470000,0.003254
2016-06-09,179.717957,14.640000,0.910000,1.420000,-0.001367
2016-06-10,178.014694,17.030000,0.910000,1.380000,-0.009523
2016-06-13,176.641830,20.970000,0.890000,1.350000,-0.007742
2016-06-14,176.294434,20.500000,0.880000,1.350000,-0.001969
2016-06-15,176.048660,20.140000,0.910000,1.340000,-0.001395
2016-06-16,176.574051,19.370000,0.870000,1.300000,0.002980
2016-06-17,175.916443,19.410000,0.920000,1.350000,-0.003731
2016-06-20,177.049393,18.370000,0.930000,1.390000,0.006420
2016-06-21,177.551926,18.480000,0.950000,1.440000,0.002834
2016-06-22,177.262360,21.170000,0.940000,1.420000,-0.001632
2016-06-23,179.570709,17.250000,0.960000,1.430000,0.012938
2016-06-24,173.122482,25.760000,0.930000,1.300000,-0.036570
2016-06-27,170.021896,23.850000,0.850000,1.190000,-0.018072
2016-06-28,173.088501,18.750000,0.850000,1.200000,0.017876
2016-06-29,176.035751,16.640000,0.880000,1.240000,0.016884
2016-06-30,178.437820,15.630000,0.910000,1.230000,0.013553
2016-07-01,178.812607,14.770000,0.870000,1.180000,0.002098
2016-07-05,177.526382,15.580000,0.810000,1.090000,-0.007219
2016-07-06,178.591187,14.960000,0.800000,1.110000,0.005980
2016-07-07,178.480423,14.760000,0.820000,1.110000,-0.000620
2016-07-08,181.138107,13.200000,0.760000,1.090000,0.014781
2016-07-11,181.776917,13.540000,0.770000,1.120000,0.003520
2016-07-12,183.097244,13.550000,0.840000,1.240000,0.007237
2016-07-13,183.071716,13.040000,0.800000,1.170000,-0.000139
2016-07-14,184.093842,12.820000,0.850000,1.210000,0.005568
2016-07-15,183.846832,12.670000,0.890000,1.280000,-0.001343
2016-07-18,184.340897,12.440000,0.910000,1.270000,0.002684
2016-07-19,184.153503,11.970000,0.860000,1.250000,-0.001017
2016-07-20,184.920120,11.770000,0.860000,1.270000,0.004154
2016-07-21,184.221634,12.740000,0.870000,1.250000,-0.003784
2016-07-22,185.047913,12.020000,0.860000,1.240000,0.004475
2016-07-25,184.545303,12.870000,0.860000,1.260000,-0.002720
2016-07-26,184.630493,13.050000,0.820000,1.260000,0.000462
2016-07-27,184.434647,12.830000,0.790000,1.210000,-0.001061
2016-07-28,184.647552,12.720000,0.800000,1.270000,0.001154
2016-07-29,184.945709,11.870000,0.790000,1.180000,0.001613
2016-08-01,184.792358,12.440000,0.840000,1.220000,-0.000830
2016-08-02,183.608322,13.370000,0.880000,1.260000,-0.006428
2016-08-03,184.144974,12.860000,0.880000,1.270000,0.002919
2016-08-04,184.340897,12.420000,0.870000,1.250000,0.001063
2016-08-05,185.848633,11.390000,0.870000,1.310000,0.008146
2016-08-08,185.737930,11.500000,0.850000,1.280000,-0.000596
2016-08-09,185.848633,11.660000,0.840000,1.260000,0.000596
2016-08-10,185.388641,12.050000,0.810000,1.220000,-0.002478
2016-08-11,186.248932,11.680000,0.810000,1.290000,0.004630
2016-08-12,186.087128,11.550000,0.800000,1.220000,-0.000869
2016-08-15,186.623749,11.810000,0.830000,1.240000,0.002880
2016-08-16,185.661209,12.640000,0.810000,1.300000,-0.005171
2016-08-17,186.010406,12.190000,0.820000,1.260000,0.001879
2016-08-18,186.427811,11.430000,0.820000,1.230000,0.002241
2016-08-19,186.155289,11.340000,0.820000,1.280000,-0.001463
2016-08-22,186.146759,12.270000,0.790000,1.260000,-0.000046
2016-08-23,186.521515,12.380000,0.810000,1.250000,0.002011
2016-08-24,185.567535,13.450000,0.800000,1.250000,-0.005128
2016-08-25,185.439682,13.630000,0.800000,1.250000,-0.000689
2016-08-26,185.090515,13.650000,0.780000,1.280000,-0.001885
2016-08-29,186.001938,12.940000,0.760000,1.240000,0.004912
2016-08-30,185.695297,13.120000,0.770000,1.240000,-0.001650
2016-08-31,185.167130,13.420000,0.780000,1.250000,-0.002848
2016-09-01,185.175644,13.480000,0.790000,1.240000,0.000046
2016-09-02,186.010406,11.980000,0.800000,1.270000,0.004498
2016-09-06,186.572693,12.020000,0.810000,1.230000,0.003018
2016-09-07,186.555649,11.940000,0.800000,1.200000,-0.000091
2016-09-08,186.129669,12.510000,0.830000,1.260000,-0.002286
2016-09-09,181.674713,17.500000,0.880000,1.320000,-0.024226
2016-09-12,184.281296,15.160000,0.890000,1.310000,0.014246
2016-09-13,181.632126,17.850000,0.930000,1.370000,-0.014480
2016-09-14,181.563995,18.140000,0.930000,1.370000,-0.000375
2016-09-15,183.378387,16.300000,0.970000,1.420000,0.009944
2016-09-16,182.669510,15.370000,0.930000,1.400000,-0.003873
2016-09-19,182.703705,15.530000,0.910000,1.400000,0.000187
2016-09-20,182.712311,15.920000,0.900000,1.390000,0.000047
2016-09-21,184.766953,13.300000,0.870000,1.440000,0.011182
2016-09-22,185.931335,12.020000,0.840000,1.450000,0.006282
2016-09-23,184.912537,12.290000,0.850000,1.440000,-0.005495
2016-09-26,183.414337,14.500000,0.830000,1.340000,-0.008135
2016-09-27,184.552948,13.100000,0.810000,1.300000,0.006189
2016-09-28,185.468964,12.390000,0.820000,1.300000,0.004951
2016-09-29,183.791000,14.020000,0.830000,1.300000,-0.009088
2016-09-30,185.177856,13.290000,0.830000,1.310000,0.007518
2016-10-03,184.732697,13.570000,0.830000,1.310000,-0.002407
2016-10-04,183.791000,13.630000,0.870000,1.360000,-0.005111
2016-10-05,184.604294,12.990000,0.870000,1.400000,0.004415
2016-10-06,184.732697,12.840000,0.890000,1.420000,0.000695
2016-10-07,184.099182,13.480000,0.900000,1.400000,-0.003435
2016-10-10,185.058044,13.380000,0.900000,1.400000,0.005195
2016-10-11,182.720825,15.360000,0.900000,1.420000,-0.012710
2016-10-12,182.960617,15.910000,0.920000,1.420000,0.001311
2016-10-13,182.361252,16.690000,0.900000,1.450000,-0.003281
2016-10-14,182.455460,16.120000,0.960000,1.480000,0.000516
2016-10-17,181.821991,16.210000,0.960000,1.430000,-0.003478
2016-10-18,182.960617,15.280000,0.930000,1.410000,0.006243
2016-10-19,183.448547,14.410000,0.950000,1.410000,0.002663
2016-10-20,183.106094,13.750000,0.920000,1.410000,-0.001868
2016-10-21,183.191727,13.340000,0.900000,1.400000,0.000468
2016-10-24,183.970779,13.020000,0.930000,1.440000,0.004244
2016-10-25,183.354385,13.460000,0.910000,1.430000,-0.003356
2016-10-26,182.986221,14.240000,0.930000,1.460000,-0.002010
2016-10-27,182.498276,15.360000,0.980000,1.550000,-0.002670
2016-10-28,181.958939,16.190000,1.000000,1.560000,-0.002960
2016-10-31,181.967529,17.060000,0.980000,1.500000,0.000047
2016-11-01,180.649017,18.560000,1.000000,1.480000,-0.007272
2016-11-02,179.561768,19.320000,1.000000,1.440000,-0.006037
2016-11-03,178.739914,22.080000,1.010000,1.440000,-0.004588
2016-11-04,178.543015,22.510000,0.990000,1.410000,-0.001102
2016-11-07,182.481140,18.710000,1.010000,1.420000,0.021817
2016-11-08,183.303024,18.740000,1.010000,1.450000,0.004494
2016-11-09,185.246414,14.380000,1.170000,1.620000,0.010546
2016-11-10,185.708664,14.740000,1.230000,1.670000,0.002492
2016-11-11,185.280655,14.170000,1.230000,1.670000,-0.002307
2016-11-14,185.426178,14.480000,1.230000,1.680000,0.000785
2016-11-15,186.873001,13.370000,1.210000,1.720000,0.007772
2016-11-16,186.522003,13.720000,1.220000,1.750000,-0.001880
2016-11-17,187.480865,13.350000,1.250000,1.850000,0.005128
2016-11-18,187.061340,12.850000,1.270000,1.900000,-0.002240
2016-11-21,188.473923,12.420000,1.250000,1.870000,0.007523
2016-11-22,188.842072,12.410000,1.240000,1.820000,0.001951
2016-11-23,188.944824,12.430000,1.240000,1.850000,0.000544
2016-11-25,189.646820,12.340000,1.240000,1.870000,0.003708
2016-11-28,188.756409,13.150000,1.210000,1.840000,-0.004706
2016-11-29,189.124649,12.900000,1.210000,1.820000,0.001949
2016-11-30,188.670883,13.330000,1.260000,1.890000,-0.002402
2016-12-01,187.977432,14.070000,1.310000,1.970000,-0.003682
2016-12-02,188.071548,14.120000,1.290000,1.910000,0.000501
2016-12-05,189.201660,12.140000,1.260000,1.900000,0.005991
2016-12-06,189.800903,11.790000,1.270000,1.900000,0.003162
2016-12-07,192.283661,12.220000,1.240000,1.820000,0.012996
2016-12-08,192.754547,12.640000,1.280000,1.890000,0.002446
2016-12-09,193.918854,11.750000,1.320000,1.930000,0.006022
2016-12-12,193.696259,12.640000,1.340000,1.980000,-0.001149
2016-12-13,194.988983,12.720000,1.310000,1.940000,0.006652
2016-12-14,193.379517,13.190000,1.270000,1.990000,-0.008288
2016-12-15,194.175690,12.790000,1.310000,2.090000,0.004109
2016-12-16,193.795929,12.200000,1.320000,2.090000,-0.001958
2016-12-19,194.217834,11.710000,1.300000,2.020000,0.002175
2016-12-20,194.967102,11.450000,1.320000,2.050000,0.003850
2016-12-21,194.424545,11.270000,1.340000,2.030000,-0.002787
2016-12-22,194.088669,11.430000,1.330000,2.040000,-0.001729
2016-12-23,194.372879,11.440000,1.330000,2.030000,0.001463
2016-12-27,194.855118,11.990000,1.290000,2.060000,0.002478
2016-12-28,193.244827,12.950000,1.250000,1.980000,-0.008298
2016-12-29,193.201721,13.370000,1.270000,2.020000,-0.000223
2016-12-30,192.495590,14.040000,1.250000,1.940000,-0.003662
2017-01-03,193.968155,12.850000,1.230000,1.920000,0.007621
2017-01-04,195.122086,11.850000,1.220000,1.930000,0.005931
2017-01-05,194.967102,11.670000,1.200000,1.850000,-0.000795
2017-01-06,195.664612,11.320000,1.200000,1.890000,0.003571
2017-01-09,195.018768,11.560000,1.170000,1.880000,-0.003306
2017-01-10,195.018768,11.490000,1.190000,1.860000,0.000000
2017-01-11,195.569885,11.260000,1.180000,1.860000,0.002822
2017-01-12,195.079056,11.540000,1.180000,1.840000,-0.002513
2017-01-13,195.526840,11.230000,1.190000,1.870000,0.002293
2017-01-17,194.837936,11.870000,1.160000,1.780000,-0.003530
2017-01-18,195.268494,12.480000,1.190000,1.890000,0.002207
2017-01-19,194.545135,12.780000,1.220000,1.950000,-0.003711
2017-01-20,195.259903,11.540000,1.280000,1.980000,0.003667
2017-01-23,194.751816,11.770000,1.250000,1.900000,-0.002605
2017-01-24,196.000504,11.070000,1.260000,1.960000,0.006391
2017-01-25,197.697006,10.810000,1.300000,2.030000,0.008618
2017-01-26,197.490295,10.630000,1.300000,2.000000,-0.001046
2017-01-27,197.180252,10.580000,1.270000,1.970000,-0.001571
2017-01-30,195.957458,11.880000,1.270000,1.980000,-0.006221
2017-01-31,195.940201,11.990000,1.260000,1.930000,-0.000088
2017-02-01,196.017685,11.810000,1.260000,1.970000,0.000395
2017-02-02,196.146896,11.930000,1.270000,1.960000,0.000659
2017-02-03,197.498917,10.970000,1.280000,1.980000,0.006869
2017-02-06,197.145859,11.370000,1.260000,1.890000,-0.001789
2017-02-07,197.154419,11.290000,1.240000,1.870000,0.000043
2017-02-08,197.412781,11.450000,1.190000,1.800000,0.001310
2017-02-09,198.583954,10.880000,1.200000,1.860000,0.005915
2017-02-10,199.367599,10.850000,1.210000,1.860000,0.003938
2017-02-13,200.452698,11.070000,1.230000,1.910000,0.005428
2017-02-14,201.253616,10.740000,1.220000,1.930000,0.003988
2017-02-15,202.304184,11.970000,1.240000,1.970000,0.005207
2017-02-16,202.131927,11.760000,1.230000,1.920000,-0.000852
2017-02-17,202.450592,11.490000,1.210000,1.890000,0.001575
2017-02-21,203.656235,11.570000,1.210000,1.900000,0.005938
2017-02-22,203.475403,11.740000,1.200000,1.900000,-0.000888
2017-02-23,203.613190,11.710000,1.200000,1.870000,0.000677
2017-02-24,203.871521,11.470000,1.190000,1.790000,0.001268
2017-02-27,204.190109,12.090000,1.160000,1.860000,0.001561
2017-02-28,203.638977,12.920000,1.140000,1.830000,-0.002703
2017-03-01,206.489426,12.540000,1.170000,1.830000,0.013900
2017-03-02,205.189072,11.810000,1.170000,1.820000,-0.006317
2017-03-03,205.318268,10.960000,1.170000,1.780000,0.000629
2017-03-06,204.706818,11.240000,1.180000,1.750000,-0.002983
2017-03-07,204.095352,11.450000,1.200000,1.760000,-0.002992
2017-03-08,203.716507,11.860000,1.210000,1.840000,-0.001858
2017-03-09,203.974869,12.300000,1.230000,1.870000,0.001267
2017-03-10,204.689621,11.660000,1.220000,1.830000,0.003498
2017-03-13,204.792938,11.350000,1.220000,1.830000,0.000505
2017-03-14,204.009293,12.300000,1.200000,1.820000,-0.003834
2017-03-15,205.774704,11.630000,1.180000,1.780000,0.008616
2017-03-16,205.369919,11.210000,1.180000,1.800000,-0.001969
2017-03-17,205.009247,11.280000,1.170000,1.770000,-0.001758
2017-03-20,204.784393,11.340000,1.170000,1.710000,-0.001097
2017-03-21,202.155060,12.470000,1.160000,1.660000,-0.012923
2017-03-22,202.630722,12.810000,1.130000,1.630000,0.002350
2017-03-23,202.414551,13.120000,1.150000,1.650000,-0.001067
2017-03-24,202.267487,12.960000,1.140000,1.620000,-0.000727
2017-03-27,202.059875,12.500000,1.110000,1.600000,-0.001027
2017-03-28,203.530258,11.530000,1.120000,1.640000,0.007251
2017-03-29,203.720551,11.420000,1.130000,1.610000,0.000935
2017-03-30,204.369247,11.540000,1.140000,1.640000,0.003179
2017-03-31,203.893539,12.370000,1.130000,1.640000,-0.002330
2017-04-03,203.538940,12.380000,1.110000,1.560000,-0.001741
2017-04-04,203.668701,11.790000,1.110000,1.570000,0.000637
2017-04-05,203.063202,12.890000,1.100000,1.540000,-0.002977
2017-04-06,203.634033,12.390000,1.100000,1.550000,0.002807
2017-04-07,203.426468,12.870000,1.090000,1.560000,-0.001020
2017-04-10,203.547577,14.050000,1.080000,1.550000,0.000595
2017-04-11,203.305374,15.070000,1.080000,1.500000,-0.001191
2017-04-12,202.414551,15.770000,1.040000,1.470000,-0.004391
2017-04-13,201.099854,15.960000,1.030000,1.430000,-0.006516
2017-04-17,202.881622,14.660000,1.050000,1.430000,0.008821
2017-04-18,202.276108,14.420000,1.000000,1.360000,-0.002989
2017-04-19,201.904205,14.930000,1.020000,1.400000,-0.001840
2017-04-20,203.547577,14.150000,1.030000,1.450000,0.008106
2017-04-21,202.898911,14.630000,1.040000,1.450000,-0.003192
2017-04-24,205.130356,10.840000,1.030000,1.470000,0.010938
2017-04-25,206.323914,10.760000,1.060000,1.530000,0.005802
2017-04-26,206.194199,10.850000,1.040000,1.490000,-0.000629
2017-04-27,206.367188,10.360000,1.050000,1.490000,0.000839
2017-04-28,205.917450,10.820000,1.010000,1.490000,-0.002182
2017-05-01,206.436386,10.110000,1.050000,1.500000,0.002517
2017-05-02,206.514191,10.590000,1.020000,1.470000,0.000377
2017-05-03,206.263367,10.680000,1.030000,1.480000,-0.001215
2017-05-04,206.505539,10.460000,1.040000,1.500000,0.001173
2017-05-05,207.318512,10.570000,1.040000,1.460000,0.003929
2017-05-08,207.283966,9.770000,1.060000,1.480000,-0.000167
2017-05-09,207.093674,9.960000,1.050000,1.510000,-0.000918
2017-05-10,207.465607,10.210000,1.060000,1.510000,0.001794
2017-05-11,207.041794,10.600000,1.040000,1.500000,-0.002045
2017-05-12,206.695847,10.400000,1.040000,1.450000,-0.001672
2017-05-15,207.837555,10.420000,1.030000,1.440000,0.005508
2017-05-16,207.647202,10.650000,1.040000,1.430000,-0.000916
2017-05-17,203.962692,15.590000,0.960000,1.320000,-0.017903
2017-05-18,204.784393,14.660000,0.960000,1.300000,0.004021
2017-05-19,206.116348,12.040000,0.950000,1.310000,0.006483
2017-05-22,207.162918,10.930000,0.960000,1.320000,0.005065
2017-05-23,207.621292,10.720000,0.980000,1.370000,0.002210
2017-05-24,208.105591,10.020000,0.970000,1.330000,0.002330
2017-05-25,209.100266,9.990000,0.950000,1.310000,0.004768
2017-05-26,209.057053,9.810000,0.950000,1.310000,-0.000207
2017-05-30,208.875366,10.380000,0.930000,1.280000,-0.000869
2017-05-31,208.823532,10.410000,0.930000,1.230000,-0.000248
2017-06-01,210.484177,9.890000,0.930000,1.230000,0.007921
2017-06-02,211.184708,9.750000,0.870000,1.170000,0.003323
2017-06-05,211.029037,10.070000,0.860000,1.220000,-0.000737
2017-06-06,210.354370,10.450000,0.840000,1.170000,-0.003202
2017-06-07,210.743591,10.390000,0.860000,1.180000,0.001849
2017-06-08,210.847397,10.160000,0.860000,1.180000,0.000492
2017-06-09,210.527405,10.700000,0.860000,1.200000,-0.001519
2017-06-12,210.484177,11.460000,0.860000,1.230000,-0.000205
2017-06-13,211.513382,10.420000,0.830000,1.210000,0.004878
2017-06-14,211.245270,10.640000,0.800000,1.140000,-0.001268
2017-06-15,210.838745,10.900000,0.810000,1.140000,-0.001926
2017-06-16,210.884796,10.380000,0.840000,1.130000,0.000218
2017-06-19,212.640442,10.370000,0.830000,1.170000,0.008291
2017-06-20,211.206360,10.860000,0.800000,1.150000,-0.006767
2017-06-21,211.154221,10.750000,0.800000,1.170000,-0.000247
2017-06-22,211.058655,10.480000,0.810000,1.190000,-0.000453
2017-06-23,211.310669,10.020000,0.810000,1.180000,0.001193
2017-06-26,211.449753,9.900000,0.780000,1.150000,0.000658
2017-06-27,209.746262,11.060000,0.830000,1.210000,-0.008089
2017-06-28,211.623581,10.030000,0.880000,1.200000,0.008911
2017-06-29,209.763596,11.440000,0.890000,1.230000,-0.008828
2017-06-30,210.154739,11.180000,0.930000,1.280000,0.001863
2017-07-03,210.511093,11.220000,0.940000,1.290000,0.001694
2017-07-05,210.997757,11.070000,0.920000,1.280000,0.002309
2017-07-06,209.068329,12.540000,0.970000,1.330000,-0.009186
2017-07-07,210.424164,11.190000,0.990000,1.340000,0.006464
2017-07-10,210.650177,11.110000,0.980000,1.340000,0.001074
2017-07-11,210.493652,10.890000,1.000000,1.320000,-0.000743
2017-07-12,212.075516,10.300000,0.980000,1.280000,0.007487
2017-07-13,212.431824,9.900000,0.980000,1.300000,0.001679
2017-07-14,213.422684,9.510000,0.980000,1.290000,0.004654
2017-07-17,213.396576,9.820000,0.950000,1.240000,-0.000122
2017-07-18,213.509628,9.890000,0.910000,1.200000,0.000530
2017-07-19,214.665466,9.790000,0.900000,1.160000,0.005399
2017-07-20,214.761154,9.580000,0.900000,1.120000,0.000446
2017-07-21,214.569885,9.360000,0.880000,1.080000,-0.000891
2017-07-24,214.517776,9.430000,0.890000,1.090000,-0.000243
2017-07-25,215.039230,9.430000,0.930000,1.150000,0.002428
2017-07-26,215.047958,9.600000,0.930000,1.160000,0.000041
2017-07-27,214.848022,10.110000,0.960000,1.210000,-0.000930
2017-07-28,214.595947,10.290000,0.960000,1.220000,-0.001174
2017-07-31,214.474304,10.260000,0.960000,1.230000,-0.000567
2017-08-01,214.952301,10.090000,0.920000,1.180000,0.002226
2017-08-02,215.056564,10.280000,0.910000,1.190000,0.000485
2017-08-03,214.639481,10.440000,0.900000,1.160000,-0.001941
2017-08-04,215.030563,10.030000,0.910000,1.190000,0.001820
2017-08-07,215.430313,9.930000,0.900000,1.240000,0.001857
2017-08-08,214.900223,10.960000,0.930000,1.230000,-0.002464
2017-08-09,214.891525,11.110000,0.910000,1.180000,-0.000040
2017-08-10,211.858261,16.040000,0.870000,1.150000,-0.014216
2017-08-11,212.171143,15.510000,0.890000,1.160000,0.001476
2017-08-14,214.274429,12.330000,0.890000,1.200000,0.009864
2017-08-15,214.248367,12.040000,0.920000,1.230000,-0.000122
2017-08-16,214.622070,11.740000,0.900000,1.210000,0.001743
2017-08-17,211.275940,15.550000,0.870000,1.190000,-0.015714
2017-08-18,210.945648,14.260000,0.860000,1.170000,-0.001565
2017-08-21,211.110748,13.190000,0.860000,1.180000,0.000782
2017-08-22,213.318375,11.350000,0.890000,1.220000,0.010403
2017-08-23,212.553558,12.250000,0.850000,1.170000,-0.003592
2017-08-24,212.058136,12.230000,0.860000,1.170000,-0.002334
2017-08-25,212.553558,11.280000,0.820000,1.140000,0.002334
2017-08-28,212.562256,11.320000,0.830000,1.180000,0.000041
2017-08-29,212.805557,11.700000,0.800000,1.100000,0.001144
2017-08-30,213.813705,11.220000,0.820000,1.120000,0.004726
2017-08-31,215.100052,10.590000,0.790000,1.110000,0.005998
2017-09-01,215.404251,10.130000,0.810000,1.140000,0.001413
2017-09-05,213.857254,12.230000,0.770000,1.040000,-0.007208
2017-09-06,214.587311,11.630000,0.800000,1.030000,0.003408
2017-09-07,214.561218,11.550000,0.780000,1.000000,-0.000122
2017-09-08,214.309143,12.120000,0.790000,1.020000,-0.001176
2017-09-11,216.594971,10.730000,0.820000,1.090000,0.010610
2017-09-12,217.325027,10.580000,0.840000,1.140000,0.003365
2017-09-13,217.429306,10.500000,0.850000,1.160000,0.000480
2017-09-14,217.359848,10.440000,0.830000,1.150000,-0.000320
2017-09-15,217.652374,10.170000,0.810000,1.150000,0.001345
2017-09-18,218.115311,10.150000,0.830000,1.180000,0.002125
2017-09-19,218.333740,10.180000,0.840000,1.200000,0.001001
2017-09-20,218.412323,9.780000,0.830000,1.240000,0.000360
2017-09-21,217.827072,9.670000,0.820000,1.230000,-0.002683
2017-09-22,217.870804,9.590000,0.800000,1.230000,0.000201
2017-09-25,217.425293,10.210000,0.780000,1.170000,-0.002047
2017-09-26,217.556381,10.170000,0.790000,1.180000,0.000603
2017-09-27,218.403564,9.870000,0.840000,1.240000,0.003887
2017-09-28,218.665588,9.550000,0.860000,1.250000,0.001199
2017-09-29,219.434189,9.510000,0.860000,1.270000,0.003509
2017-10-02,220.386307,9.450000,0.850000,1.330000,0.004330
2017-10-03,220.857941,9.510000,0.860000,1.260000,0.002138
2017-10-04,221.120010,9.630000,0.860000,1.250000,0.001186
2017-10-05,222.430130,9.190000,0.860000,1.280000,0.005907
2017-10-06,222.176819,9.650000,0.830000,1.300000,-0.001139
2017-10-09,221.809967,10.330000,0.830000,1.300000,-0.001653
2017-10-10,222.395187,10.080000,0.840000,1.270000,0.002635
2017-10-11,222.744507,9.850000,0.840000,1.250000,0.001569
2017-10-12,222.412659,9.910000,0.820000,1.240000,-0.001491
2017-10-13,222.683380,9.610000,0.770000,1.190000,0.001216
2017-10-16,222.980408,9.910000,0.760000,1.200000,0.001333
2017-10-17,223.137604,10.310000,0.760000,1.210000,0.000705
2017-10-18,223.356003,10.070000,0.750000,1.250000,0.000978
2017-10-19,223.417084,10.050000,0.750000,1.230000,0.000273
2017-10-20,224.570068,9.970000,0.790000,1.280000,0.005147
2017-10-23,223.696594,11.070000,0.800000,1.290000,-0.003897
2017-10-24,224.089661,11.160000,0.820000,1.300000,0.001756
2017-10-25,222.980408,11.230000,0.830000,1.320000,-0.004962
2017-10-26,223.268600,11.300000,0.830000,1.350000,0.001292
2017-10-27,225.094131,9.800000,0.830000,1.320000,0.008143
2017-10-30,224.255600,10.500000,0.790000,1.250000,-0.003732
2017-10-31,224.604996,10.180000,0.780000,1.230000,0.001557
2017-11-01,224.901901,10.200000,0.760000,1.190000,0.001321
2017-11-02,224.989288,9.930000,0.740000,1.180000,0.000388
2017-11-03,225.740479,9.140000,0.710000,1.160000,0.003333
2017-11-06,226.089844,9.400000,0.710000,1.130000,0.001546
2017-11-07,225.932571,9.890000,0.690000,1.100000,-0.000696
2017-11-08,226.316940,9.780000,0.670000,1.090000,0.001700
2017-11-09,225.495895,10.500000,0.700000,1.090000,-0.003634
2017-11-10,225.426071,11.290000,0.730000,1.170000,-0.000310
2017-11-13,225.635635,11.500000,0.700000,1.160000,0.000929
2017-11-14,225.111588,11.590000,0.700000,1.120000,-0.002325
2017-11-15,223.984818,13.130000,0.650000,1.080000,-0.005018
2017-11-16,225.888916,11.760000,0.650000,1.100000,0.008465
2017-11-17,225.225113,11.430000,0.620000,1.060000,-0.002943
2017-11-20,225.609467,10.650000,0.600000,1.070000,0.001705
2017-11-21,227.085556,9.730000,0.590000,1.060000,0.006521
2017-11-22,226.884674,9.880000,0.580000,1.030000,-0.000885
2017-11-24,227.408752,9.670000,0.590000,1.050000,0.002307
2017-11-27,227.295135,9.870000,0.580000,1.050000,-0.000500
2017-11-28,229.601074,10.030000,0.590000,1.040000,0.010094
2017-11-29,229.461319,10.700000,0.590000,1.080000,-0.000609
2017-11-30,231.470215,11.280000,0.640000,1.150000,0.008717
2017-12-01,230.989822,11.430000,0.590000,1.100000,-0.002078
2017-12-04,230.710388,11.680000,0.570000,1.080000,-0.001210
2017-12-05,229.880569,11.330000,0.530000,1.060000,-0.003603
2017-12-06,229.924286,11.020000,0.550000,1.030000,0.000190
2017-12-07,230.649185,10.160000,0.570000,1.080000,0.003148
2017-12-08,231.906967,9.580000,0.580000,1.100000,0.005438
2017-12-11,232.605682,9.340000,0.570000,1.060000,0.003008
2017-12-12,233.016205,9.920000,0.570000,1.060000,0.001763
2017-12-13,232.990036,10.180000,0.570000,1.060000,-0.000112
2017-12-14,232.037979,10.490000,0.530000,1.030000,-0.004095
2017-12-15,233.970261,9.420000,0.510000,1.040000,0.008293
2017-12-18,235.453903,9.530000,0.550000,1.010000,0.006321
2017-12-19,234.549637,10.030000,0.590000,1.090000,-0.003848
2017-12-20,234.426743,9.720000,0.620000,1.110000,-0.000524
2017-12-21,234.909546,9.620000,0.590000,1.130000,0.002057
2017-12-22,234.848145,9.900000,0.570000,1.150000,-0.000261
2017-12-26,234.567200,10.250000,0.550000,1.000000,-0.001197
2017-12-27,234.681381,10.470000,0.530000,0.980000,0.000487
2017-12-28,235.164200,10.180000,0.520000,1.040000,0.002055
2017-12-29,234.277420,11.040000,0.510000,1.010000,-0.003778
2018-01-02,235.954285,9.770000,0.540000,1.020000,0.007132
2018-01-03,237.446701,9.150000,0.500000,1.030000,0.006305
2018-01-04,238.447525,9.220000,0.500000,1.050000,0.004206
2018-01-05,240.036560,9.220000,0.510000,1.080000,0.006642
2018-01-08,240.475525,9.520000,0.530000,1.040000,0.001827
2018-01-09,241.019775,10.080000,0.570000,1.110000,0.002261
2018-01-10,240.651016,9.820000,0.570000,1.130000,-0.001531
2018-01-11,242.406937,9.880000,0.560000,1.110000,0.007270
2018-01-12,243.987137,10.160000,0.560000,1.120000,0.006498
2018-01-16,243.153061,11.660000,0.510000,1.090000,-0.003424
2018-01-17,245.470749,11.910000,0.520000,1.130000,0.009487
2018-01-18,245.058090,12.220000,0.570000,1.170000,-0.001683
2018-01-19,246.173080,11.270000,0.580000,1.200000,0.004540
2018-01-22,248.174774,11.030000,0.580000,1.220000,0.008098
2018-01-23,248.701553,11.100000,0.570000,1.190000,0.002120
2018-01-24,248.604797,11.470000,0.570000,1.220000,-0.000389
2018-01-25,248.710236,11.580000,0.550000,1.210000,0.000424
2018-01-26,251.589752,11.080000,0.530000,1.250000,0.011511
2018-01-29,249.921722,13.840000,0.590000,1.260000,-0.006652
2018-01-30,247.358215,14.790000,0.600000,1.290000,-0.010310
2018-01-31,247.481216,13.540000,0.580000,1.260000,0.000497
2018-02-01,247.200272,13.470000,0.620000,1.300000,-0.001136
2018-02-02,241.818665,17.310000,0.690000,1.360000,-0.022011
2018-02-05,231.705261,37.320000,0.690000,1.260000,-0.042722
2018-02-06,236.270355,29.980000,0.690000,1.270000,0.019511
2018-02-07,234.988632,27.730000,0.690000,1.290000,-0.005440
2018-02-08,226.174469,33.460000,0.720000,1.300000,-0.038230
2018-02-09,229.571930,29.060000,0.780000,1.280000,0.014910
2018-02-12,232.943039,25.610000,0.770000,1.240000,0.014578
2018-02-13,233.522491,24.970000,0.730000,1.240000,0.002484
2018-02-14,236.674164,19.260000,0.740000,1.330000,0.013406
2018-02-15,239.694153,19.130000,0.710000,1.320000,0.012679
2018-02-16,239.764389,19.460000,0.660000,1.250000,0.000293
2018-02-20,238.263184,20.600000,0.630000,1.220000,-0.006281
2018-02-21,237.078064,20.020000,0.680000,1.300000,-0.004986
2018-02-22,237.385330,18.720000,0.670000,1.290000,0.001295
2018-02-23,241.169022,16.490000,0.630000,1.240000,0.015813
2018-02-26,243.969589,15.800000,0.640000,1.200000,0.011546
2018-02-27,240.923264,18.590000,0.630000,1.240000,-0.012565
2018-02-28,238.482697,19.850000,0.620000,1.220000,-0.010182
2018-03-01,235.014984,22.470000,0.590000,1.180000,-0.014647
2018-03-02,236.226349,19.590000,0.610000,1.210000,0.005141
2018-03-05,238.956741,18.730000,0.640000,1.180000,0.011492
2018-03-06,239.562546,18.360000,0.630000,1.200000,0.002532
2018-03-07,239.474701,17.760000,0.640000,1.210000,-0.000367
2018-03-08,240.633484,16.540000,0.610000,1.190000,0.004827
2018-03-09,244.821136,14.640000,0.630000,1.230000,0.017253
2018-03-12,244.513870,15.780000,0.600000,1.160000,-0.001256
2018-03-13,242.933655,16.350000,0.580000,1.110000,-0.006484
2018-03-14,241.687027,17.230000,0.550000,1.050000,-0.005145
2018-03-15,241.423599,16.590000,0.530000,1.050000,-0.001091
2018-03-16,241.685516,15.800000,0.540000,1.070000,0.001084
2018-03-19,238.415375,19.020000,0.540000,1.050000,-0.013623
2018-03-20,238.820816,18.200000,0.550000,1.080000,0.001699
2018-03-21,238.362442,17.860000,0.580000,1.150000,-0.001921
2018-03-22,232.404099,23.340000,0.540000,1.110000,-0.025315
2018-03-23,227.450500,24.870000,0.540000,1.080000,-0.021545
2018-03-26,233.673355,21.030000,0.520000,1.060000,0.026992
2018-03-27,229.698105,22.500000,0.520000,1.010000,-0.017158
2018-03-28,229.019424,22.870000,0.490000,1.040000,-0.002959
2018-03-29,231.945770,19.970000,0.470000,1.010000,0.012697
2018-04-02,226.939255,23.620000,0.480000,0.960000,-0.021821
2018-04-03,229.847946,21.100000,0.510000,1.040000,0.012736
2018-04-04,232.307114,20.060000,0.510000,1.080000,0.010642
2018-04-05,234.140488,18.940000,0.530000,1.110000,0.007861
2018-04-06,228.922501,21.490000,0.500000,1.040000,-0.022538
2018-04-09,230.050674,21.770000,0.490000,1.020000,0.004916
2018-04-10,233.708572,20.470000,0.480000,1.060000,0.015775
2018-04-11,232.483398,20.240000,0.470000,1.060000,-0.005256
2018-04-12,234.396042,18.490000,0.490000,1.080000,0.008193
2018-04-13,233.708572,17.410000,0.450000,1.060000,-0.002937
2018-04-16,235.630066,16.560000,0.440000,1.040000,0.008188
2018-04-17,238.150909,15.250000,0.410000,1.020000,0.010641
2018-04-18,238.327225,15.600000,0.450000,1.060000,0.000740
2018-04-19,237.005081,15.960000,0.480000,1.100000,-0.005563
2018-04-20,234.995483,16.880000,0.500000,1.150000,-0.008515
2018-04-23,234.960129,16.340000,0.490000,1.110000,-0.000150
2018-04-24,231.795898,18.020000,0.520000,1.130000,-0.013559
2018-04-25,232.368851,17.840000,0.540000,1.180000,0.002469
2018-04-26,234.731003,16.240000,0.510000,1.180000,0.010114
2018-04-27,234.951309,15.410000,0.470000,1.140000,0.000938
2018-04-30,233.144455,15.930000,0.460000,1.080000,-0.007720
2018-05-01,233.558685,15.490000,0.470000,1.120000,0.001775
2018-05-02,231.989807,15.970000,0.480000,1.130000,-0.006740
2018-05-03,231.478592,15.900000,0.450000,1.100000,-0.002206
2018-05-04,234.475418,14.770000,0.440000,1.110000,0.012863
2018-05-07,235.268723,14.750000,0.460000,1.090000,0.003378
2018-05-08,235.268723,14.710000,0.460000,1.100000,0.000000
2018-05-09,237.542801,13.420000,0.460000,1.120000,0.009619
2018-05-10,239.763962,13.230000,0.430000,1.070000,0.009307
2018-05-11,240.495514,12.650000,0.430000,1.050000,0.003046
2018-05-14,240.610062,12.930000,0.450000,1.070000,0.000476
2018-05-15,238.953018,14.630000,0.500000,1.160000,-0.006911
2018-05-16,239.957840,13.420000,0.510000,1.170000,0.004196
2018-05-17,239.755203,13.430000,0.540000,1.190000,-0.000845
2018-05-18,239.155746,13.420000,0.510000,1.150000,-0.002503
2018-05-21,240.953827,13.080000,0.480000,1.130000,0.007490
2018-05-22,240.283936,13.220000,0.470000,1.130000,-0.002784
2018-05-23,240.945068,12.580000,0.480000,1.090000,0.002748
2018-05-24,240.451401,12.530000,0.480000,1.070000,-0.002051
2018-05-25,239.878479,13.220000,0.450000,1.030000,-0.002386
2018-05-29,237.119705,17.020000,0.450000,0.840000,-0.011567
2018-05-30,240.283936,14.940000,0.420000,0.900000,0.013256
2018-05-31,238.812057,15.430000,0.430000,0.900000,-0.006144
2018-06-01,241.156570,13.460000,0.420000,0.970000,0.009770
2018-06-04,242.302353,12.740000,0.420000,1.000000,0.004740
2018-06-05,242.478729,12.400000,0.430000,0.980000,0.000728
2018-06-06,244.505951,11.640000,0.450000,1.020000,0.008326
2018-06-07,244.479553,12.130000,0.430000,0.990000,-0.000108
2018-06-08,245.202362,12.180000,0.430000,1.000000,0.002952
2018-06-11,245.528442,12.350000,0.440000,1.020000,0.001329
2018-06-12,245.845657,12.340000,0.420000,1.040000,0.001291
2018-06-13,245.061218,12.940000,0.390000,1.040000,-0.003196
2018-06-14,245.678253,12.120000,0.350000,1.000000,0.002515
2018-06-15,245.364792,11.980000,0.380000,0.990000,-0.001277
2018-06-18,244.860168,12.310000,0.360000,0.980000,-0.002059
2018-06-19,243.921646,13.350000,0.350000,0.950000,-0.003840
2018-06-20,244.337814,12.790000,0.370000,0.990000,0.001705
2018-06-21,242.806152,14.640000,0.340000,0.960000,-0.006288
2018-06-22,243.248734,13.770000,0.340000,0.970000,0.001821
2018-06-25,239.937500,17.330000,0.330000,0.940000,-0.013706
2018-06-26,240.468674,15.920000,0.350000,0.950000,0.002211
2018-06-27,238.476578,17.910000,0.310000,0.900000,-0.008319
2018-06-28,239.840027,16.850000,0.320000,0.910000,0.005701
2018-06-29,240.185303,16.090000,0.330000,0.920000,0.001439
2018-07-02,240.698822,15.600000,0.300000,0.890000,0.002136
2018-07-03,239.848923,16.140000,0.300000,0.850000,-0.003537
2018-07-05,241.805634,14.970000,0.290000,0.880000,0.008125
2018-07-06,243.850845,13.370000,0.290000,0.850000,0.008423
2018-07-09,246.046539,12.690000,0.290000,0.880000,0.008964
2018-07-10,246.931992,12.640000,0.280000,0.880000,0.003592
2018-07-11,245.125809,13.630000,0.270000,0.880000,-0.007341
2018-07-12,247.348022,12.580000,0.250000,0.870000,0.009025
2018-07-13,247.542877,12.180000,0.240000,0.850000,0.000787
2018-07-16,247.321503,12.830000,0.260000,0.840000,-0.000895
2018-07-17,248.322006,12.060000,0.240000,0.840000,0.004037
2018-07-18,248.844467,12.100000,0.280000,0.880000,0.002102
2018-07-19,247.905869,12.870000,0.240000,0.840000,-0.003779
2018-07-20,247.622543,12.860000,0.290000,0.900000,-0.001144
2018-07-23,248.082947,12.620000,0.320000,0.970000,0.001858
2018-07-24,249.331390,12.410000,0.320000,0.930000,0.005020
2018-07-25,251.456253,12.290000,0.280000,0.930000,0.008486
2018-07-26,250.862991,12.140000,0.290000,0.990000,-0.002362
2018-07-27,249.163132,13.030000,0.290000,0.960000,-0.006799
2018-07-30,247.861557,14.260000,0.320000,0.940000,-0.005237
2018-07-31,249.083420,12.830000,0.290000,0.930000,0.004918
2018-08-01,248.667252,13.150000,0.330000,0.970000,-0.001672
2018-08-02,250.021942,12.190000,0.320000,0.960000,0.005433
2018-08-03,251.093216,11.640000,0.320000,0.940000,0.004276
2018-08-06,252.014053,11.270000,0.300000,0.890000,0.003661
2018-08-07,252.846268,10.930000,0.300000,0.920000,0.003297
2018-08-08,252.740036,10.850000,0.280000,0.900000,-0.000420
2018-08-09,252.394653,11.270000,0.290000,0.870000,-0.001367
2018-08-10,250.703674,13.160000,0.260000,0.820000,-0.006722
2018-08-13,249.765198,14.780000,0.270000,0.820000,-0.003750
2018-08-14,251.358810,13.310000,0.260000,0.810000,0.006360
2018-08-15,249.481827,14.640000,0.250000,0.790000,-0.007495
2018-08-16,251.500504,13.450000,0.240000,0.800000,0.008059
2018-08-17,252.385941,12.640000,0.260000,0.820000,0.003514
2018-08-20,252.925964,12.490000,0.220000,0.760000,0.002137
2018-08-21,253.519119,12.860000,0.240000,0.770000,0.002342
2018-08-22,253.368591,12.250000,0.220000,0.730000,-0.000594
2018-08-23,253.032227,12.410000,0.210000,0.740000,-0.001328
2018-08-24,254.555084,11.990000,0.190000,0.730000,0.006000
2018-08-27,256.564819,12.160000,0.180000,0.730000,0.007864
2018-08-28,256.688782,12.500000,0.210000,0.750000,0.000483
2018-08-29,258.070007,12.250000,0.220000,0.760000,0.005367
2018-08-30,257.025299,13.530000,0.220000,0.750000,-0.004056
2018-08-31,257.034180,12.860000,0.240000,0.750000,0.000035
2018-09-04,256.591492,13.160000,0.240000,0.770000,-0.001724
2018-09-05,255.900864,13.910000,0.240000,0.760000,-0.002695
2018-09-06,255.130493,14.650000,0.240000,0.750000,-0.003015
2018-09-07,254.634766,14.880000,0.230000,0.800000,-0.001945
2018-09-10,255.077438,14.160000,0.210000,0.800000,0.001737
2018-09-11,255.918549,13.220000,0.220000,0.830000,0.003292
2018-09-12,255.980515,13.140000,0.230000,0.810000,0.000242
2018-09-13,257.494415,12.370000,0.210000,0.820000,0.005897
2018-09-14,257.538818,12.070000,0.210000,0.830000,0.000172
2018-09-17,256.175323,13.680000,0.210000,0.830000,-0.005308
2018-09-18,257.565399,12.790000,0.240000,0.880000,0.005412
2018-09-19,257.839813,11.750000,0.270000,0.920000,0.001065
2018-09-20,259.929291,11.800000,0.260000,0.900000,0.008071
2018-09-21,259.691681,11.680000,0.260000,0.890000,-0.000915
2018-09-24,258.829132,12.200000,0.250000,0.860000,-0.003327
2018-09-25,258.589020,12.420000,0.270000,0.890000,-0.000928
2018-09-26,257.815247,12.890000,0.230000,0.860000,-0.002997
2018-09-27,258.535614,12.410000,0.230000,0.880000,0.002790
2018-09-28,258.562347,12.120000,0.240000,0.860000,0.000103
2018-10-01,259.460602,12.000000,0.270000,0.860000,0.003468
2018-10-02,259.309448,12.050000,0.230000,0.820000,-0.000583
2018-10-03,259.451782,11.610000,0.300000,0.920000,0.000549
2018-10-04,257.423981,14.220000,0.320000,0.970000,-0.007846
2018-10-05,255.983109,14.820000,0.350000,1.000000,-0.005613
2018-10-08,255.983109,15.690000,0.350000,1.000000,0.000000
2018-10-09,255.609558,15.950000,0.330000,0.960000,-0.001460
2018-10-10,247.516174,22.960000,0.340000,0.950000,-0.032175
2018-10-11,242.064240,24.980000,0.290000,0.870000,-0.022273
2018-10-12,245.426056,21.310000,0.300000,0.870000,0.013793
2018-10-15,244.047501,21.300000,0.310000,0.850000,-0.005633
2018-10-16,249.383820,17.620000,0.290000,0.860000,0.021630
2018-10-17,249.428329,17.400000,0.300000,0.880000,0.000178
2018-10-18,245.826370,20.060000,0.300000,0.850000,-0.014546
2018-10-19,245.692902,19.890000,0.280000,0.890000,-0.000543
2018-10-22,244.589996,19.640000,0.280000,0.860000,-0.004499
2018-10-23,243.344910,20.710000,0.280000,0.840000,-0.005104
2018-10-24,235.971832,25.230000,0.260000,0.760000,-0.030767
2018-10-25,240.205429,24.220000,0.280000,0.800000,0.017782
2018-10-26,235.980774,24.160000,0.270000,0.750000,-0.017744
2018-10-29,234.673401,24.700000,0.270000,0.740000,-0.005556
2018-10-30,238.150894,23.350000,0.280000,0.790000,0.014710
2018-10-31,240.694565,21.230000,0.280000,0.810000,0.010624
2018-11-01,243.255997,19.340000,0.300000,0.820000,0.010586
2018-11-02,241.815125,19.510000,0.310000,0.890000,-0.005941
2018-11-05,243.149307,19.960000,0.290000,0.840000,0.005502
2018-11-06,244.687943,19.910000,0.290000,0.870000,0.006308
2018-11-07,249.926331,16.360000,0.260000,0.850000,0.021183
2018-11-08,249.472778,16.720000,0.260000,0.890000,-0.001816
2018-11-09,247.035889,17.360000,0.250000,0.830000,-0.009816
2018-11-12,242.419952,20.450000,0.250000,0.830000,-0.018862
2018-11-13,241.966263,20.020000,0.250000,0.760000,-0.001873
2018-11-14,240.312103,21.250000,0.260000,0.740000,-0.006860
2018-11-15,242.820114,19.980000,0.250000,0.740000,0.010382
2018-11-16,243.451599,18.140000,0.270000,0.720000,0.002597
2018-11-19,239.333725,20.100000,0.270000,0.680000,-0.017059
2018-11-20,234.904648,22.480000,0.270000,0.670000,-0.018679
2018-11-21,235.705063,20.800000,0.250000,0.650000,0.003402
2018-11-23,234.130890,21.520000,0.240000,0.640000,-0.006701
2018-11-26,237.910751,18.900000,0.230000,0.660000,0.016015
2018-11-27,238.711243,19.020000,0.230000,0.650000,0.003359
2018-11-28,244.207596,18.490000,0.250000,0.660000,0.022764
2018-11-29,243.673996,18.790000,0.220000,0.660000,-0.002187
2018-11-30,245.159241,18.070000,0.210000,0.640000,0.006077
2018-12-03,248.405487,16.440000,0.150000,0.600000,0.013154
2018-12-04,240.356613,20.740000,0.110000,0.490000,-0.032939
2018-12-06,239.991928,21.190000,0.120000,0.460000,-0.001518
2018-12-07,234.415543,23.230000,0.130000,0.450000,-0.023510
2018-12-10,234.860184,22.640000,0.130000,0.440000,0.001895
2018-12-11,234.913498,21.760000,0.110000,0.480000,0.000227
2018-12-12,236.096420,21.460000,0.140000,0.480000,0.005023
2018-12-13,236.016418,20.650000,0.160000,0.480000,-0.000339
2018-12-14,231.658356,21.630000,0.160000,0.470000,-0.018638
2018-12-17,227.113602,24.520000,0.160000,0.460000,-0.019813
2018-12-18,226.864609,25.580000,0.170000,0.430000,-0.001097
2018-12-19,223.467133,25.580000,0.140000,0.370000,-0.015089
2018-12-20,219.829529,28.380000,0.120000,0.400000,-0.016412
2018-12-21,215.325287,30.110000,0.160000,0.400000,-0.020703
2018-12-24,209.635788,36.070000,0.190000,0.290000,-0.026778
2018-12-26,220.227631,30.410000,0.200000,0.370000,0.049290
2018-12-27,221.918365,29.960000,0.210000,0.360000,0.007648
2018-12-28,221.632141,28.340000,0.200000,0.320000,-0.001291
2018-12-31,223.573334,25.420000,0.210000,0.240000,0.008720
2019-01-02,223.805969,23.220000,0.160000,0.240000,0.001040
2019-01-03,218.465271,25.450000,0.170000,0.150000,-0.024152
2019-01-04,225.782974,21.380000,0.170000,0.250000,0.032947
2019-01-07,227.563171,21.400000,0.170000,0.250000,0.007854
2019-01-08,229.701202,20.470000,0.150000,0.270000,0.009351
2019-01-09,230.774719,19.980000,0.180000,0.290000,0.004663
2019-01-10,231.588760,19.500000,0.180000,0.310000,0.003521
2019-01-11,231.678253,18.190000,0.160000,0.280000,0.000386
2019-01-14,230.264847,19.070000,0.180000,0.260000,-0.006119
2019-01-15,232.903809,18.600000,0.190000,0.270000,0.011395
2019-01-16,233.467499,19.040000,0.180000,0.300000,0.002417
2019-01-17,235.238663,18.060000,0.190000,0.330000,0.007558
2019-01-18,238.369659,17.800000,0.170000,0.380000,0.013222
2019-01-22,235.149185,20.800000,0.160000,0.310000,-0.013603
2019-01-23,235.641251,19.520000,0.180000,0.350000,0.002090
2019-01-24,235.766525,18.890000,0.160000,0.350000,0.000531
2019-01-25,237.761398,17.420000,0.160000,0.370000,0.008426
2019-01-28,235.954330,18.870000,0.150000,0.330000,-0.007629
2019-01-29,235.641251,19.130000,0.160000,0.300000,-0.001328
2019-01-30,239.371658,17.660000,0.180000,0.280000,0.015707
2019-01-31,241.473907,16.570000,0.180000,0.220000,0.008744
2019-02-01,241.590210,16.140000,0.180000,0.300000,0.000482
2019-02-04,243.289948,15.730000,0.200000,0.310000,0.007011
2019-02-05,244.309723,15.570000,0.180000,0.290000,0.004183
2019-02-06,243.987701,15.380000,0.180000,0.280000,-0.001319
2019-02-07,241.661789,16.370000,0.170000,0.230000,-0.009579
2019-02-08,241.957031,15.720000,0.180000,0.200000,0.001221
2019-02-11,242.091202,15.970000,0.170000,0.200000,0.000554
2019-02-12,245.204254,15.430000,0.180000,0.250000,0.012777
2019-02-13,246.000412,15.650000,0.180000,0.270000,0.003242
2019-02-14,245.454758,16.220000,0.160000,0.230000,-0.002221
2019-02-15,248.129532,14.910000,0.140000,0.230000,0.010838
2019-02-19,248.558960,14.880000,0.150000,0.200000,0.001729
2019-02-20,249.059937,14.020000,0.150000,0.200000,0.002013
2019-02-21,248.174316,14.460000,0.160000,0.240000,-0.003562
2019-02-22,249.712952,13.510000,0.170000,0.190000,0.006181
2019-02-25,250.052948,14.850000,0.160000,0.200000,0.001361
2019-02-26,249.873932,15.170000,0.160000,0.190000,-0.000716
2019-02-27,249.766693,14.700000,0.190000,0.240000,-0.000429
2019-02-28,249.301468,14.780000,0.210000,0.280000,-0.001864
2019-03-01,250.858093,13.570000,0.210000,0.320000,0.006225
2019-03-04,249.945572,14.630000,0.170000,0.260000,-0.003644
2019-03-05,249.605637,14.740000,0.170000,0.260000,-0.001361
2019-03-06,248.093842,15.740000,0.170000,0.220000,-0.006075
2019-03-07,246.018295,16.590000,0.170000,0.190000,-0.008401
2019-03-08,245.526367,16.050000,0.170000,0.160000,-0.002002
2019-03-11,249.086761,14.330000,0.170000,0.180000,0.014397
2019-03-12,250.026077,13.770000,0.160000,0.150000,0.003764
2019-03-13,251.681015,13.410000,0.160000,0.160000,0.006597
2019-03-14,251.520035,13.500000,0.170000,0.180000,-0.000640
2019-03-15,252.762695,12.880000,0.160000,0.140000,0.004928
2019-03-18,253.679260,13.100000,0.150000,0.160000,0.003620
2019-03-19,253.742050,13.560000,0.150000,0.150000,0.000247
2019-03-20,252.978317,13.910000,0.140000,0.060000,-0.003014
2019-03-21,255.835632,13.630000,0.130000,0.050000,0.011231
2019-03-22,250.911728,16.480000,0.130000,-0.020000,-0.019434
2019-03-25,250.723068,16.330000,0.170000,-0.030000,-0.000752
2019-03-26,252.591995,14.680000,0.170000,-0.050000,0.007427
2019-03-27,251.271118,15.150000,0.170000,-0.050000,-0.005243
2019-03-28,252.223648,14.430000,0.160000,-0.040000,0.003784
2019-03-29,253.814011,13.710000,0.140000,0.010000,0.006286
2019-04-01,256.824036,13.400000,0.160000,0.060000,0.011789
2019-04-02,256.949829,13.360000,0.180000,0.060000,0.000490
2019-04-03,257.354187,13.740000,0.190000,0.080000,0.001572
2019-04-04,258.037018,13.580000,0.180000,0.070000,0.002650
2019-04-05,259.285919,12.820000,0.150000,0.060000,0.004828
2019-04-08,259.483704,13.180000,0.160000,0.090000,0.000763
2019-04-09,258.153778,14.280000,0.160000,0.090000,-0.005138
2019-04-10,259.034424,13.300000,0.170000,0.050000,0.003406
2019-04-11,258.962433,13.020000,0.160000,0.080000,-0.000278
2019-04-12,260.714600,12.010000,0.160000,0.120000,0.006743
2019-04-15,260.543854,12.320000,0.150000,0.120000,-0.000655
2019-04-16,260.714600,12.180000,0.190000,0.170000,0.000655
2019-04-17,260.076660,12.600000,0.190000,0.150000,-0.002450
2019-04-18,260.588837,12.090000,0.190000,0.150000,0.001967
2019-04-22,260.813354,12.420000,0.210000,0.150000,0.000861
2019-04-23,263.158569,12.280000,0.210000,0.120000,0.008952
2019-04-24,262.574493,13.140000,0.210000,0.090000,-0.002222
2019-04-25,262.412811,13.250000,0.210000,0.110000,-0.000616
2019-04-26,263.634613,12.730000,0.230000,0.090000,0.004645
2019-04-29,264.048035,13.110000,0.240000,0.100000,0.001567
2019-04-30,264.182800,13.120000,0.240000,0.080000,0.000510
2019-05-01,262.197174,14.800000,0.210000,0.090000,-0.007544
2019-05-02,261.631073,14.420000,0.200000,0.080000,-0.002161
2019-05-03,264.191772,12.870000,0.210000,0.110000,0.009740
2019-05-06,263.104706,15.440000,0.200000,0.070000,-0.004123
2019-05-07,258.710907,19.320000,0.170000,0.020000,-0.016841
2019-05-08,258.351471,19.400000,0.190000,0.060000,-0.001390
2019-05-09,257.569672,19.100000,0.190000,0.020000,-0.003031
2019-05-10,258.863586,16.040000,0.210000,0.040000,0.005011
2019-05-13,252.358368,20.550000,0.220000,-0.010000,-0.025451
2019-05-14,254.640610,18.060000,0.220000,0.010000,0.009003
2019-05-15,256.132172,16.440000,0.210000,-0.050000,0.005840
2019-05-16,258.504303,15.290000,0.200000,0.000000,0.009219
2019-05-17,256.833008,15.960000,0.190000,0.000000,-0.006486
2019-05-20,255.134796,16.310000,0.200000,0.020000,-0.006634
2019-05-21,257.435059,14.950000,0.170000,0.040000,0.008975
2019-05-22,256.644257,14.750000,0.160000,0.010000,-0.003077
2019-05-23,253.508499,16.920000,0.190000,-0.060000,-0.012294
2019-05-24,254.083572,15.850000,0.160000,-0.030000,0.002266
2019-05-28,251.720398,17.500000,0.140000,-0.110000,-0.009344
2019-05-29,250.031174,17.900000,0.160000,-0.120000,-0.006733
2019-05-30,250.714127,17.300000,0.160000,-0.160000,0.002728
2019-05-31,247.335632,18.710000,0.190000,-0.210000,-0.013567
2019-06-03,246.706726,18.860000,0.250000,-0.280000,-0.002546
2019-06-04,252.061844,16.970000,0.240000,-0.230000,0.021474
2019-06-05,254.245270,16.090000,0.290000,-0.230000,0.008625
2019-06-06,255.898575,15.930000,0.240000,-0.210000,0.006482
2019-06-07,258.459412,16.300000,0.240000,-0.190000,0.009957
2019-06-10,259.645416,15.940000,0.250000,-0.140000,0.004578
2019-06-11,259.582520,15.990000,0.220000,-0.120000,-0.000242
2019-06-12,259.124207,15.910000,0.250000,-0.110000,-0.001767
2019-06-13,260.193451,15.820000,0.270000,-0.090000,0.004118
2019-06-14,259.905914,15.280000,0.250000,-0.110000,-0.001106
2019-06-17,260.004761,15.350000,0.230000,-0.140000,0.000380
2019-06-18,262.727356,15.150000,0.200000,-0.160000,0.010417
2019-06-19,263.320343,14.330000,0.290000,-0.150000,0.002255
2019-06-20,265.836121,14.750000,0.290000,-0.130000,0.009509
2019-06-21,265.449738,15.400000,0.300000,-0.040000,-0.001455
2019-06-24,265.124634,15.260000,0.300000,-0.110000,-0.001225
2019-06-25,262.524292,16.280000,0.290000,-0.120000,-0.009856
2019-06-26,262.262482,16.210000,0.280000,-0.100000,-0.000998
2019-06-27,263.192566,15.820000,0.270000,-0.130000,0.003540
2019-06-28,264.546783,15.080000,0.250000,-0.120000,0.005132
2019-07-01,266.948608,14.060000,0.250000,-0.180000,0.009038
2019-07-02,267.643677,12.930000,0.210000,-0.220000,0.002600
2019-07-03,269.783569,12.570000,0.190000,-0.250000,0.007964
2019-07-05,269.476593,13.280000,0.170000,-0.190000,-0.001139
2019-07-08,267.995850,13.960000,0.170000,-0.210000,-0.005510
2019-07-09,268.329926,14.090000,0.150000,-0.190000,0.001246
2019-07-10,269.612030,13.030000,0.250000,-0.130000,0.004767
2019-07-11,270.244141,12.930000,0.280000,-0.040000,0.002342
2019-07-12,271.453979,12.390000,0.280000,-0.020000,0.004467
2019-07-15,271.544128,12.680000,0.260000,-0.070000,0.000332
2019-07-16,270.668427,12.860000,0.260000,-0.020000,-0.003230
2019-07-17,268.826508,13.970000,0.230000,-0.080000,-0.006828
2019-07-18,269.810669,13.530000,0.270000,-0.010000,0.003654
2019-07-19,268.311890,14.450000,0.250000,-0.010000,-0.005570
2019-07-22,268.970978,13.530000,0.250000,-0.040000,0.002453
2019-07-23,270.894104,12.610000,0.250000,0.020000,0.007124
2019-07-24,272.167267,12.070000,0.220000,-0.050000,0.004689
2019-07-25,270.867157,12.740000,0.220000,-0.020000,-0.004788
2019-07-26,272.681946,12.160000,0.220000,-0.040000,0.006678
2019-07-29,272.185272,12.830000,0.210000,-0.060000,-0.001823
2019-07-30,271.517151,13.940000,0.210000,-0.020000,-0.002458
2019-07-31,268.546661,16.120000,0.130000,-0.060000,-0.011001
2019-08-01,266.208191,17.870000,0.170000,-0.170000,-0.008746
2019-08-02,264.203766,17.610000,0.140000,-0.200000,-0.007558
2019-08-05,256.258331,24.590000,0.160000,-0.300000,-0.030535
2019-08-06,259.851837,20.170000,0.130000,-0.320000,0.013926
2019-08-07,260.005371,19.490000,0.120000,-0.310000,0.000591
2019-08-08,265.106659,16.910000,0.100000,-0.300000,0.019430
2019-08-09,263.300812,17.970000,0.110000,-0.260000,-0.006835
2019-08-12,260.095551,21.090000,0.070000,-0.350000,-0.012248
2019-08-13,264.140503,17.520000,0.020000,-0.320000,0.015432
2019-08-14,256.330444,22.100000,0.010000,-0.370000,-0.030014
2019-08-15,257.007751,21.180000,0.040000,-0.390000,0.002639
2019-08-16,260.799744,18.470000,0.070000,-0.320000,0.014647
2019-08-19,263.941895,16.880000,0.070000,-0.340000,0.011976
2019-08-20,261.919403,17.500000,0.050000,-0.390000,-0.007692
2019-08-21,264.050293,15.800000,0.030000,-0.380000,0.008103
2019-08-22,263.969055,16.680000,0.010000,-0.380000,-0.000308
2019-08-23,257.188263,19.870000,0.010000,-0.450000,-0.026024
2019-08-26,260.032440,19.320000,0.000000,-0.470000,0.010998
2019-08-27,259.012177,20.310000,-0.040000,-0.490000,-0.003931
2019-08-28,260.835938,19.350000,-0.030000,-0.520000,0.007017
2019-08-29,264.167633,17.880000,-0.030000,-0.490000,0.012692
2019-08-30,264.050293,18.980000,0.000000,-0.490000,-0.000444
2019-09-03,262.506348,19.660000,0.000000,-0.510000,-0.005864
2019-09-04,265.485840,17.330000,0.040000,-0.500000,0.011286
2019-09-05,268.898895,16.270000,0.020000,-0.400000,0.012774
2019-09-06,269.106506,15.000000,0.020000,-0.410000,0.000772
2019-09-09,269.241852,15.270000,0.050000,-0.330000,0.000503
2019-09-10,269.178711,15.200000,0.050000,-0.230000,-0.000235
2019-09-11,271.092804,14.610000,0.070000,-0.210000,0.007086
2019-09-12,272.031860,14.220000,0.070000,-0.160000,0.003458
2019-09-13,271.851166,13.740000,0.110000,-0.060000,-0.000664
2019-09-16,271.011414,14.670000,0.100000,-0.150000,-0.003094
2019-09-17,271.697754,14.440000,0.090000,-0.180000,0.002529
2019-09-18,271.860229,13.950000,0.030000,-0.150000,0.000598
2019-09-19,271.842194,14.050000,0.050000,-0.140000,-0.000066
2019-09-20,270.557709,15.320000,0.050000,-0.170000,-0.004736
2019-09-23,270.494324,14.910000,0.040000,-0.220000,-0.000234
2019-09-24,268.371826,17.050000,0.040000,-0.280000,-0.007878
2019-09-25,269.959015,15.960000,0.050000,-0.160000,0.005897
2019-09-26,269.396759,16.070000,0.040000,-0.130000,-0.002085
2019-09-27,267.945465,17.220000,0.060000,-0.110000,-0.005402
2019-09-30,269.188141,16.240000,0.050000,-0.200000,0.004627
2019-10-01,265.986237,18.560000,0.090000,-0.170000,-0.011966
2019-10-02,261.287689,20.560000,0.120000,-0.190000,-0.017823
2019-10-03,263.428314,19.120000,0.150000,-0.160000,0.008159
2019-10-04,266.993042,17.040000,0.120000,-0.190000,0.013441
2019-10-07,265.841095,17.860000,0.100000,-0.190000,-0.004324
2019-10-08,261.713928,20.280000,0.120000,-0.180000,-0.015647
2019-10-09,264.199280,18.640000,0.120000,-0.100000,0.009452
2019-10-10,265.986237,17.570000,0.140000,-0.010000,0.006741
2019-10-11,268.743591,15.580000,0.130000,0.080000,0.010313
2019-10-14,268.444336,14.570000,0.130000,0.080000,-0.001114
2019-10-15,271.102081,13.540000,0.160000,0.100000,0.009852
2019-10-16,270.666626,13.680000,0.170000,0.090000,-0.001608
2019-10-17,271.464905,13.790000,0.160000,0.100000,0.002945
2019-10-18,270.276520,14.250000,0.180000,0.100000,-0.004387
2019-10-21,272.108917,14.000000,0.180000,0.130000,0.006757
2019-10-22,271.219971,14.460000,0.180000,0.130000,-0.003272
2019-10-23,272.009125,14.010000,0.190000,0.120000,0.002905
2019-10-24,272.453552,13.710000,0.190000,0.100000,0.001633
2019-10-25,273.569183,12.650000,0.170000,0.140000,0.004086
2019-10-28,275.111206,13.110000,0.210000,0.200000,0.005621
2019-10-29,275.029572,13.200000,0.200000,0.210000,-0.000297
2019-10-30,275.873108,12.330000,0.170000,0.160000,0.003062
2019-10-31,275.138458,13.220000,0.170000,0.150000,-0.002667
2019-11-01,277.687347,12.300000,0.170000,0.210000,0.009221
2019-11-04,278.803009,12.830000,0.190000,0.260000,0.004010
2019-11-05,278.494659,13.100000,0.230000,0.300000,-0.001107
2019-11-06,278.558105,12.620000,0.200000,0.250000,0.000228
2019-11-07,279.537628,12.730000,0.240000,0.360000,0.003510
2019-11-08,280.227051,12.070000,0.260000,0.390000,0.002463
2019-11-11,279.691956,12.690000,0.260000,0.390000,-0.001911
2019-11-12,280.281525,12.680000,0.260000,0.330000,0.002106
2019-11-13,280.372223,13.000000,0.250000,0.310000,0.000324
2019-11-14,280.780304,13.050000,0.240000,0.250000,0.001454
2019-11-15,282.812256,12.050000,0.230000,0.270000,0.007211
2019-11-18,283.020752,12.460000,0.210000,0.240000,0.000737
2019-11-19,282.939148,12.860000,0.190000,0.220000,-0.000288
2019-11-20,281.886932,12.780000,0.170000,0.160000,-0.003726
2019-11-21,281.433502,13.130000,0.170000,0.190000,-0.001610
2019-11-22,282.059357,12.340000,0.160000,0.190000,0.002221
2019-11-25,284.245331,11.870000,0.150000,0.150000,0.007720
2019-11-26,284.889313,11.540000,0.160000,0.140000,0.002263
2019-11-27,286.159241,11.750000,0.140000,0.150000,0.004448
2019-11-29,285.098022,12.620000,0.170000,0.190000,-0.003715
2019-12-02,282.676178,14.910000,0.220000,0.230000,-0.008531
2019-12-03,280.780304,15.960000,0.190000,0.150000,-0.006729
2019-12-04,282.512817,14.800000,0.190000,0.220000,0.006151
2019-12-05,283.020752,14.520000,0.220000,0.260000,0.001796
2019-12-06,285.605865,13.620000,0.230000,0.310000,0.009093
2019-12-09,284.707977,15.860000,0.200000,0.290000,-0.003149
2019-12-10,284.390411,15.680000,0.200000,0.290000,-0.001116
2019-12-11,285.197723,14.990000,0.180000,0.220000,0.002835
2019-12-12,287.655975,13.940000,0.240000,0.340000,0.008583
2019-12-13,287.828247,12.630000,0.210000,0.250000,0.000599
2019-12-16,289.805634,12.140000,0.240000,0.320000,0.006847
2019-12-17,289.868988,12.290000,0.260000,0.330000,0.000219
2019-12-18,289.887177,12.580000,0.290000,0.360000,0.000063
2019-12-19,291.075470,12.500000,0.300000,0.350000,0.004091
2019-12-20,292.351562,12.510000,0.290000,0.340000,0.004374
2019-12-23,292.798248,12.610000,0.290000,0.340000,0.001527
2019-12-24,292.807373,12.670000,0.280000,0.320000,0.000031
2019-12-26,294.366089,12.650000,0.260000,0.320000,0.005309
2019-12-27,294.293121,13.430000,0.290000,0.310000,-0.000248
2019-12-30,292.670624,14.820000,0.320000,0.330000,-0.005528
2019-12-31,293.381592,13.780000,0.340000,0.370000,0.002426
2020-01-02,296.125275,12.470000,0.300000,0.340000,0.009308
2020-01-03,293.882935,14.020000,0.270000,0.280000,-0.007601
2020-01-06,295.004089,13.850000,0.270000,0.250000,0.003808
2020-01-07,294.174622,13.790000,0.290000,0.290000,-0.002816
2020-01-08,295.742523,13.450000,0.290000,0.330000,0.005316
2020-01-09,297.747803,12.540000,0.270000,0.310000,0.006758
2020-01-10,296.890930,12.560000,0.270000,0.290000,-0.002882
2020-01-13,298.932770,12.320000,0.270000,0.280000,0.006854
2020-01-14,298.477081,12.390000,0.240000,0.250000,-0.001526
2020-01-15,299.151642,12.420000,0.230000,0.220000,0.002257
2020-01-16,301.640015,12.320000,0.230000,0.260000,0.008284
2020-01-17,302.578888,12.100000,0.260000,0.280000,0.003108
2020-01-21,301.986359,12.850000,0.250000,0.220000,-0.001960
2020-01-22,302.022736,12.910000,0.240000,0.220000,0.000120
2020-01-23,302.369202,12.980000,0.230000,0.190000,0.001146
2020-01-24,299.680206,14.560000,0.210000,0.160000,-0.008933
2020-01-27,294.876434,18.230000,0.170000,0.060000,-0.016160
2020-01-28,297.966583,16.280000,0.200000,0.080000,0.010425
2020-01-29,297.720490,16.390000,0.180000,0.040000,-0.000826
2020-01-30,298.686676,15.490000,0.160000,0.000000,0.003240
2020-01-31,293.263123,18.840000,0.180000,-0.040000,-0.018325
2020-02-03,295.441650,17.970000,0.180000,-0.030000,0.007401
2020-02-04,299.944519,16.050000,0.200000,0.040000,0.015126
2020-02-05,303.408386,15.150000,0.220000,0.090000,0.011482
2020-02-06,304.429199,14.960000,0.210000,0.080000,0.003359
2020-02-07,302.806793,15.470000,0.180000,0.030000,-0.005344
2020-02-10,305.067261,15.040000,0.190000,-0.020000,0.007437
2020-02-11,305.596008,15.180000,0.180000,0.020000,0.001732
2020-02-12,307.564850,13.740000,0.180000,0.040000,0.006422
2020-02-13,307.236725,14.150000,0.170000,0.020000,-0.001067
2020-02-14,307.728912,13.680000,0.170000,0.010000,0.001601
2020-02-18,306.935944,14.830000,0.140000,-0.030000,-0.002580
2020-02-19,308.403442,14.380000,0.140000,-0.020000,0.004770
2020-02-20,307.136414,15.560000,0.130000,-0.060000,-0.004117
2020-02-21,303.973480,17.080000,0.120000,-0.100000,-0.010352
2020-02-24,293.892090,25.030000,0.120000,-0.150000,-0.033728
2020-02-25,284.986542,27.850000,0.130000,-0.200000,-0.030771
2020-02-26,283.938293,27.560000,0.170000,-0.200000,-0.003685
2020-02-27,271.186188,39.160000,0.190000,-0.150000,-0.045951
2020-02-28,270.046753,40.110000,0.270000,-0.140000,-0.004211
2020-03-02,281.741516,33.420000,0.260000,-0.030000,0.042395
2020-03-03,273.674530,36.820000,0.310000,0.070000,-0.029050
2020-03-04,285.177979,31.990000,0.350000,0.300000,0.041174
2020-03-05,275.698151,39.620000,0.330000,0.300000,-0.033807
2020-03-06,271.140564,41.940000,0.250000,0.290000,-0.016669
2020-03-09,249.966034,54.460000,0.160000,0.210000,-0.081312
2020-03-10,262.900421,47.300000,0.260000,0.320000,0.050450
2020-03-11,250.084427,53.900000,0.320000,0.400000,-0.049977
2020-03-12,226.157074,75.470000,0.380000,0.550000,-0.100569
2020-03-13,245.490387,57.830000,0.450000,0.660000,0.082028
2020-03-16,218.627960,82.690000,0.370000,0.490000,-0.115886
2020-03-17,230.432083,75.910000,0.550000,0.830000,0.052585
2020-03-18,218.764618,76.450000,0.640000,1.160000,-0.051960
2020-03-19,219.229523,72.000000,0.680000,1.080000,0.002123
2020-03-20,209.781982,66.040000,0.550000,0.870000,-0.044050
2020-03-23,204.418274,61.590000,0.480000,0.740000,-0.025901
2020-03-24,222.939209,61.670000,0.460000,0.830000,0.086731
2020-03-25,226.276642,63.950000,0.540000,0.880000,0.014859
2020-03-26,239.488922,61.000000,0.530000,0.830000,0.056749
2020-03-27,232.355560,65.540000,0.470000,0.690000,-0.030238
2020-03-30,239.901459,57.080000,0.470000,0.580000,0.031959
2020-03-31,236.325653,53.540000,0.470000,0.590000,-0.015018
2020-04-01,225.689819,57.060000,0.390000,0.530000,-0.046049
2020-04-02,230.897705,50.910000,0.400000,0.540000,0.022813
2020-04-03,227.560287,46.800000,0.390000,0.520000,-0.014560
2020-04-06,242.844696,45.240000,0.400000,0.520000,0.065007
2020-04-07,243.092239,46.700000,0.470000,0.610000,0.001019
2020-04-08,251.252487,43.350000,0.500000,0.550000,0.033017
2020-04-09,255.075760,41.670000,0.500000,0.480000,0.015102
2020-04-13,252.746887,41.170000,0.510000,0.500000,-0.009172
2020-04-14,260.201202,37.760000,0.530000,0.560000,0.029067
2020-04-15,254.672440,40.840000,0.430000,0.490000,-0.021477
2020-04-16,255.901047,40.110000,0.410000,0.470000,0.004813
2020-04-17,262.814331,38.150000,0.450000,0.530000,0.026657
2020-04-20,258.184082,43.830000,0.430000,0.510000,-0.017775
2020-04-21,250.344727,45.410000,0.380000,0.470000,-0.030834
2020-04-22,255.901047,41.980000,0.410000,0.510000,0.021952
2020-04-23,255.882629,41.380000,0.390000,0.500000,-0.000072
2020-04-24,259.449341,35.930000,0.380000,0.480000,0.013843
2020-04-27,263.190186,33.290000,0.430000,0.550000,0.014315
2020-04-28,261.979950,33.570000,0.420000,0.510000,-0.004609
2020-04-29,268.838226,31.230000,0.430000,0.530000,0.025842
2020-04-30,266.335114,34.150000,0.440000,0.550000,-0.009354
2020-05-01,259.284302,37.190000,0.440000,0.520000,-0.026830
2020-05-04,259.999390,35.970000,0.450000,0.510000,0.002754
2020-05-05,262.401733,33.610000,0.470000,0.530000,0.009197
2020-05-06,260.622986,34.120000,0.550000,0.600000,-0.006802
2020-05-07,263.767822,31.440000,0.500000,0.520000,0.011994
2020-05-08,268.132263,27.980000,0.530000,0.570000,0.016411
2020-05-11,268.187195,27.570000,0.560000,0.610000,0.000205
2020-05-12,262.841797,33.040000,0.520000,0.560000,-0.020133
2020-05-13,258.193176,35.280000,0.480000,0.510000,-0.017844
2020-05-14,261.283020,32.610000,0.470000,0.510000,0.011896
2020-05-15,262.484192,31.890000,0.480000,0.520000,0.004587
2020-05-18,270.479462,29.300000,0.550000,0.600000,0.030005
2020-05-19,267.701233,30.530000,0.530000,0.570000,-0.010325
2020-05-20,272.248993,27.990000,0.520000,0.560000,0.016846
2020-05-21,270.369385,29.530000,0.510000,0.560000,-0.006928
2020-05-22,270.882874,28.160000,0.490000,0.540000,0.001897
2020-05-26,274.220306,28.010000,0.510000,0.550000,0.012245
2020-05-27,278.300323,27.620000,0.490000,0.530000,0.014769
2020-05-28,277.786865,28.590000,0.530000,0.550000,-0.001847
2020-05-29,279.024750,27.510000,0.490000,0.510000,0.004446
2020-06-01,280.152496,28.230000,0.520000,0.520000,0.004034
2020-06-02,282.472198,26.840000,0.510000,0.530000,0.008246
2020-06-03,286.231415,25.660000,0.580000,0.610000,0.013220
2020-06-04,285.479523,25.810000,0.630000,0.670000,-0.002630
2020-06-05,292.796204,24.520000,0.690000,0.760000,0.025307
2020-06-08,296.335449,25.810000,0.660000,0.710000,0.012015
2020-06-09,294.125702,27.570000,0.640000,0.650000,-0.007485
2020-06-10,292.484436,27.570000,0.580000,0.580000,-0.005596
2020-06-11,275.623108,40.790000,0.470000,0.490000,-0.059377
2020-06-12,278.923859,36.090000,0.520000,0.550000,0.011904
2020-06-15,281.527740,34.400000,0.520000,0.530000,0.009292
2020-06-16,286.946594,33.670000,0.540000,0.580000,0.019065
2020-06-17,285.754639,33.470000,0.550000,0.570000,-0.004163
2020-06-18,285.864655,32.940000,0.520000,0.550000,0.000385
2020-06-19,284.230957,35.120000,0.510000,0.550000,-0.005731
2020-06-22,286.054291,31.770000,0.520000,0.550000,0.006394
2020-06-23,287.371246,31.370000,0.540000,0.560000,0.004593
2020-06-24,280.040710,33.840000,0.500000,0.540000,-0.025840
2020-06-25,283.042969,32.220000,0.510000,0.520000,0.010664
2020-06-26,276.320282,34.730000,0.470000,0.500000,-0.024038
2020-06-29,280.381531,31.780000,0.480000,0.500000,0.014591
2020-06-30,283.973083,30.430000,0.500000,0.500000,0.012728
2020-07-01,285.962311,28.620000,0.520000,0.550000,0.006981
2020-07-02,287.536987,27.680000,0.520000,0.540000,0.005491
2020-07-06,291.975830,27.940000,0.530000,0.540000,0.015320
2020-07-07,288.964478,29.430000,0.490000,0.500000,-0.010367
2020-07-08,291.174591,28.080000,0.510000,0.520000,0.007619
2020-07-09,289.517029,29.260000,0.460000,0.490000,-0.005709
2020-07-10,292.473145,27.290000,0.490000,0.520000,0.010159
2020-07-13,289.940521,32.190000,0.480000,0.500000,-0.008697
2020-07-14,293.697968,29.520000,0.490000,0.480000,0.012876
2020-07-15,296.396271,27.760000,0.480000,0.480000,0.009145
2020-07-16,295.420044,28.000000,0.460000,0.510000,-0.003299
2020-07-17,296.276520,25.680000,0.500000,0.530000,0.002895
2020-07-20,298.670868,24.460000,0.460000,0.490000,0.008049
2020-07-21,299.306305,24.840000,0.470000,0.480000,0.002125
2020-07-22,301.009979,24.320000,0.460000,0.470000,0.005676
2020-07-23,297.418488,26.080000,0.430000,0.470000,-0.012003
2020-07-24,295.502899,25.840000,0.450000,0.480000,-0.006462
2020-07-27,297.657837,24.740000,0.470000,0.510000,0.007266
2020-07-28,295.769928,25.440000,0.450000,0.480000,-0.006363
2020-07-29,299.407623,24.100000,0.460000,0.470000,0.012224
2020-07-30,298.339294,24.760000,0.440000,0.460000,-0.003575
2020-07-31,300.696869,24.460000,0.440000,0.460000,0.007871
2020-08-03,302.787384,24.280000,0.450000,0.460000,0.006928
2020-08-04,303.957062,23.760000,0.410000,0.430000,0.003856
2020-08-05,305.844788,22.990000,0.440000,0.450000,0.006191
2020-08-06,307.889191,22.650000,0.440000,0.450000,0.006662
2020-08-07,308.110260,22.210000,0.440000,0.470000,0.000718
2020-08-10,309.031158,22.130000,0.450000,0.480000,0.002984
2020-08-11,306.480255,24.030000,0.480000,0.530000,-0.008289
2020-08-12,310.753326,22.280000,0.530000,0.580000,0.013846
2020-08-13,310.191437,22.130000,0.550000,0.610000,-0.001810
2020-08-14,310.200714,22.050000,0.570000,0.610000,0.000030
2020-08-17,311.186127,21.350000,0.550000,0.590000,0.003172
2020-08-18,311.858337,21.510000,0.530000,0.580000,0.002158
2020-08-19,310.559906,22.540000,0.540000,0.570000,-0.004172
2020-08-20,311.526825,22.720000,0.520000,0.540000,0.003109
2020-08-21,312.631897,22.540000,0.480000,0.540000,0.003541
2020-08-24,315.799866,22.370000,0.510000,0.530000,0.010082
2020-08-25,316.904907,22.030000,0.540000,0.580000,0.003493
2020-08-26,320.082123,23.270000,0.530000,0.580000,0.009976
2020-08-27,320.782013,24.470000,0.580000,0.630000,0.002184
2020-08-28,322.854126,22.960000,0.600000,0.640000,0.006439
2020-08-31,321.684540,26.410000,0.580000,0.610000,-0.003629
2020-09-01,324.714386,26.120000,0.550000,0.560000,0.009375
2020-09-02,329.411041,26.570000,0.520000,0.540000,0.014360
2020-09-03,318.074524,33.600000,0.500000,0.520000,-0.035021
2020-09-04,315.477539,30.750000,0.580000,0.610000,-0.008198
2020-09-08,306.857758,31.460000,0.550000,0.560000,-0.027703
2020-09-09,312.917419,28.810000,0.570000,0.590000,0.019555
2020-09-10,307.484009,29.710000,0.540000,0.560000,-0.017516
2020-09-11,307.640533,26.870000,0.540000,0.560000,0.000509
2020-09-14,311.692566,25.850000,0.540000,0.570000,0.013085
2020-09-15,313.267395,25.590000,0.540000,0.570000,0.005040
2020-09-16,312.024139,26.040000,0.550000,0.570000,-0.003977
2020-09-17,309.279846,26.460000,0.560000,0.600000,-0.008834
2020-09-18,305.719147,25.830000,0.560000,0.600000,-0.011580
2020-09-21,302.316589,27.780000,0.540000,0.580000,-0.011192
2020-09-22,305.395569,26.860000,0.550000,0.580000,0.010133
2020-09-23,298.313110,28.580000,0.540000,0.570000,-0.023464
2020-09-24,299.108246,28.510000,0.530000,0.570000,0.002662
2020-09-25,303.943970,26.380000,0.540000,0.560000,0.016038
2020-09-28,308.992249,26.190000,0.530000,0.560000,0.016473
2020-09-29,307.309479,26.270000,0.550000,0.570000,-0.005461
2020-09-30,309.639496,26.370000,0.560000,0.590000,0.007553
2020-10-01,311.627380,26.700000,0.540000,0.590000,0.006399
2020-10-02,308.668640,27.630000,0.570000,0.610000,-0.009540
2020-10-05,314.142242,27.960000,0.640000,0.680000,0.017578
2020-10-06,309.676483,29.480000,0.620000,0.660000,-0.014318
2020-10-07,315.066925,28.060000,0.650000,0.710000,0.017257
2020-10-08,317.859222,26.360000,0.650000,0.690000,0.008824
2020-10-09,320.697693,25.000000,0.630000,0.690000,0.008890
2020-10-12,325.856934,25.070000,0.630000,0.690000,0.015960
2020-10-13,323.730347,26.070000,0.580000,0.630000,-0.006548
2020-10-14,321.696259,26.400000,0.590000,0.610000,-0.006303
2020-10-15,321.298706,26.970000,0.600000,0.630000,-0.001237
2020-10-16,321.104523,27.410000,0.620000,0.650000,-0.000605
2020-10-19,316.222626,29.180000,0.620000,0.670000,-0.015320
2020-10-20,317.489349,29.350000,0.670000,0.710000,0.003998
2020-10-21,316.888275,28.650000,0.690000,0.730000,-0.001895
2020-10-22,318.626556,28.110000,0.710000,0.780000,0.005470
2020-10-23,319.708405,27.550000,0.670000,0.750000,0.003390
2020-10-26,313.800201,32.460000,0.650000,0.700000,-0.018653
2020-10-27,312.718384,33.350000,0.630000,0.690000,-0.003453
2020-10-28,302.029999,40.280000,0.630000,0.690000,-0.034777
2020-10-29,305.099731,37.590000,0.690000,0.760000,0.010112
2020-10-30,301.919006,38.020000,0.740000,0.790000,-0.010480
2020-11-02,305.303131,37.130000,0.710000,0.780000,0.011146
2020-11-03,310.693481,35.550000,0.730000,0.800000,0.017502
2020-11-04,317.637329,29.570000,0.640000,0.680000,0.022103
2020-11-05,323.832123,27.580000,0.650000,0.690000,0.019315
2020-11-06,323.758026,24.860000,0.670000,0.730000,-0.000229
2020-11-09,327.826385,25.750000,0.790000,0.850000,0.012488
2020-11-10,327.345581,24.800000,0.790000,0.880000,-0.001468
2020-11-11,329.777344,23.450000,0.790000,0.880000,0.007401
2020-11-12,326.578094,25.350000,0.710000,0.780000,-0.009749
2020-11-13,331.099457,23.100000,0.720000,0.800000,0.013750
2020-11-16,335.232483,22.450000,0.720000,0.820000,0.012405
2020-11-17,333.429382,22.710000,0.690000,0.780000,-0.005393
2020-11-18,329.416687,23.840000,0.720000,0.790000,-0.012108
2020-11-19,330.803619,23.110000,0.680000,0.790000,0.004201
2020-11-20,328.538300,23.700000,0.670000,0.760000,-0.006871
2020-11-23,330.507660,22.660000,0.700000,0.780000,0.005976
2020-11-24,335.833374,21.640000,0.720000,0.790000,0.015985
2020-11-25,335.315613,21.250000,0.710000,0.790000,-0.001543
2020-11-27,336.249512,20.840000,0.680000,0.750000,0.002781
2020-11-30,334.760834,20.570000,0.680000,0.760000,-0.004437
2020-12-01,338.422302,20.770000,0.750000,0.830000,0.010878
2020-12-02,339.134186,21.170000,0.790000,0.860000,0.002101
2020-12-03,339.041840,21.280000,0.760000,0.840000,-0.000272
2020-12-04,341.963501,20.790000,0.810000,0.880000,0.008580
2020-12-07,341.260834,21.300000,0.800000,0.860000,-0.002057
2020-12-08,342.259430,20.680000,0.780000,0.830000,0.002922
2020-12-09,339.189667,22.270000,0.790000,0.870000,-0.009010
2020-12-10,339.078827,22.520000,0.780000,0.840000,-0.000327
2020-12-11,338.681213,23.310000,0.790000,0.820000,-0.001173
2020-12-14,337.164825,24.720000,0.770000,0.810000,-0.004487
2020-12-15,341.723083,22.890000,0.810000,0.840000,0.013429
2020-12-16,342.259430,22.500000,0.790000,0.830000,0.001568
2020-12-17,344.173309,21.930000,0.810000,0.860000,0.005576
2020-12-18,342.799011,21.570000,0.820000,0.870000,-0.004001
2020-12-21,341.573364,25.160000,0.820000,0.860000,-0.003582
2020-12-22,340.997711,24.230000,0.800000,0.840000,-0.001687
2020-12-23,341.304077,23.310000,0.830000,0.870000,0.000898
2020-12-24,342.631927,21.530000,0.810000,0.850000,0.003883
2020-12-28,345.575378,21.700000,0.810000,0.830000,0.008554
2020-12-29,344.916107,23.080000,0.820000,0.840000,-0.001910
2020-12-30,345.408234,22.770000,0.810000,0.850000,0.001426
2020-12-31,347.163239,22.750000,0.800000,0.840000,0.005068
2021-01-04,342.436890,26.970000,0.820000,0.840000,-0.013708
2021-01-05,344.795410,25.340000,0.830000,0.870000,0.006864
2021-01-06,346.856750,25.070000,0.900000,0.950000,0.005961
2021-01-07,352.010162,22.370000,0.940000,0.990000,0.014748
2021-01-08,354.015900,21.560000,0.990000,1.050000,0.005682
2021-01-11,351.629425,24.080000,1.010000,1.070000,-0.006764
2021-01-12,351.703796,23.330000,1.010000,1.060000,0.000211
2021-01-13,352.650879,22.210000,0.960000,1.010000,0.002689
2021-01-14,351.415894,23.250000,0.990000,1.060000,-0.003508
2021-01-15,348.853119,24.340000,0.980000,1.020000,-0.007319
2021-01-19,351.592346,23.240000,0.960000,1.010000,0.007821
2021-01-20,356.457947,21.580000,0.970000,1.020000,0.013744
2021-01-21,356.782898,21.320000,0.990000,1.030000,0.000911
2021-01-22,355.520142,21.910000,0.970000,1.020000,-0.003546
2021-01-25,356.922211,23.190000,0.920000,0.960000,0.003936
2021-01-26,356.365051,23.020000,0.940000,0.980000,-0.001562
2021-01-27,347.655365,37.210000,0.920000,0.960000,-0.024744
2021-01-28,350.645172,30.210000,0.950000,1.000000,0.008563
2021-01-29,343.625458,33.090000,1.000000,1.050000,-0.020223
2021-02-01,349.345245,30.240000,0.980000,1.020000,0.016508
2021-02-02,354.285065,25.560000,1.010000,1.050000,0.014041
2021-02-03,354.563629,22.910000,1.040000,1.110000,0.000786
2021-02-04,358.593506,21.770000,1.040000,1.110000,0.011302
2021-02-05,360.004852,20.870000,1.100000,1.160000,0.003928
2021-02-08,362.604858,21.240000,1.080000,1.140000,0.007196
2021-02-09,362.363403,21.630000,1.070000,1.140000,-0.000666
2021-02-10,362.205505,21.990000,1.040000,1.100000,-0.000436
2021-02-11,362.790558,21.250000,1.050000,1.110000,0.001614
2021-02-12,364.582672,19.970000,1.090000,1.160000,0.004928
2021-02-16,364.266937,21.460000,1.170000,1.260000,-0.000866
2021-02-17,364.350586,21.500000,1.180000,1.250000,0.000230
2021-02-18,362.799866,22.490000,1.180000,1.260000,-0.004265
2021-02-19,362.159119,22.050000,1.230000,1.300000,-0.001768
2021-02-22,359.373505,23.450000,1.260000,1.340000,-0.007721
2021-02-23,359.809937,23.110000,1.260000,1.330000,0.001214
2021-02-24,363.774811,21.340000,1.260000,1.350000,0.010959
2021-02-25,355.009369,28.890000,1.370000,1.500000,-0.024391
2021-02-26,353.180145,27.950000,1.300000,1.400000,-0.005166
2021-03-01,361.741302,23.350000,1.320000,1.400000,0.023951
2021-03-02,358.918610,24.100000,1.290000,1.380000,-0.007834
2021-03-03,354.164368,26.670000,1.330000,1.420000,-0.013335
2021-03-04,349.781647,28.570000,1.400000,1.500000,-0.012452
2021-03-05,356.216522,24.660000,1.420000,1.520000,0.018230
2021-03-08,354.443054,25.470000,1.420000,1.540000,-0.004991
2021-03-09,359.503510,24.030000,1.380000,1.500000,0.014176
2021-03-10,361.741302,22.560000,1.370000,1.490000,0.006205
2021-03-11,365.409088,21.910000,1.400000,1.500000,0.010088
2021-03-12,365.901154,20.690000,1.500000,1.600000,0.001346
2021-03-15,368.083221,20.030000,1.480000,1.580000,0.005946
2021-03-16,367.618958,19.790000,1.470000,1.600000,-0.001262
2021-03-17,368.872498,19.230000,1.500000,1.610000,0.003404
2021-03-18,363.505615,21.580000,1.550000,1.700000,-0.014656
2021-03-19,362.832886,20.950000,1.580000,1.730000,-0.001852
2021-03-22,365.730164,18.880000,1.540000,1.660000,0.007953
2021-03-23,362.851532,20.300000,1.480000,1.620000,-0.007902
2021-03-24,361.007050,21.200000,1.480000,1.600000,-0.005096
2021-03-25,363.037903,19.810000,1.490000,1.610000,0.005610
2021-03-26,368.888153,18.860000,1.530000,1.650000,0.015986
2021-03-29,368.701874,20.740000,1.590000,1.700000,-0.000505
2021-03-30,367.723755,19.610000,1.570000,1.710000,-0.002656
2021-03-31,369.214294,19.400000,1.580000,1.710000,0.004045
2021-04-01,373.201416,17.330000,1.520000,1.670000,0.010741
2021-04-05,378.558075,17.910000,1.560000,1.700000,0.014251
2021-04-06,378.334473,18.120000,1.510000,1.650000,-0.000591
2021-04-07,378.772278,17.160000,1.520000,1.660000,0.001157
2021-04-08,380.570282,16.950000,1.500000,1.630000,0.004736
2021-04-09,383.337036,16.690000,1.510000,1.650000,0.007244
2021-04-12,383.476868,16.910000,1.510000,1.670000,0.000365
2021-04-13,384.613403,16.650000,1.480000,1.610000,0.002959
2021-04-14,383.299866,16.990000,1.480000,1.620000,-0.003421
2021-04-15,387.417480,16.570000,1.400000,1.540000,0.010685
2021-04-16,388.712311,16.250000,1.430000,1.570000,0.003337
2021-04-19,386.802612,17.290000,1.450000,1.590000,-0.004925
2021-04-20,383.970520,18.680000,1.430000,1.550000,-0.007349
2021-04-21,387.603699,17.500000,1.420000,1.540000,0.009418
2021-04-22,384.063690,18.710000,1.410000,1.540000,-0.009175
2021-04-23,388.227875,17.330000,1.420000,1.550000,0.010784
2021-04-26,389.038330,17.640000,1.400000,1.550000,0.002085
2021-04-27,388.954529,17.560000,1.460000,1.620000,-0.000215
2021-04-28,388.842773,17.280000,1.460000,1.620000,-0.000287
2021-04-29,391.320679,17.610000,1.490000,1.640000,0.006352
2021-04-30,388.749603,18.610000,1.490000,1.640000,-0.006592
2021-05-03,389.588013,18.310000,1.470000,1.590000,0.002154
2021-05-04,387.184509,19.480000,1.450000,1.590000,-0.006188
2021-05-05,387.305603,19.150000,1.430000,1.570000,0.000313
2021-05-06,390.398499,18.390000,1.420000,1.560000,0.007954
2021-05-07,393.239838,16.690000,1.460000,1.580000,0.007252
2021-05-10,389.345764,19.660000,1.470000,1.610000,-0.009952
2021-05-11,385.870972,21.840000,1.480000,1.630000,-0.008965
2021-05-12,377.673126,27.590000,1.530000,1.670000,-0.021474
2021-05-13,382.209900,23.130000,1.500000,1.640000,0.011941
2021-05-14,388.078827,18.810000,1.470000,1.620000,0.015239
2021-05-17,387.091339,19.720000,1.480000,1.620000,-0.002548
2021-05-18,383.756348,21.340000,1.480000,1.620000,-0.008653
2021-05-19,382.750153,22.180000,1.520000,1.670000,-0.002625
2021-05-20,386.867767,20.670000,1.480000,1.620000,0.010701
2021-05-21,386.551056,20.150000,1.460000,1.620000,-0.000819
2021-05-24,390.491608,18.400000,1.460000,1.590000,0.010143
2021-05-25,389.625305,18.840000,1.410000,1.540000,-0.002221
2021-05-26,390.398499,17.360000,1.440000,1.560000,0.001982
2021-05-27,390.603424,16.740000,1.470000,1.590000,0.000525
2021-05-28,391.302094,16.760000,1.440000,1.570000,0.001787
2021-06-01,390.957458,17.900000,1.460000,1.600000,-0.000881
2021-06-02,391.572296,17.480000,1.460000,1.570000,0.001571
2021-06-03,390.119019,18.040000,1.470000,1.610000,-0.003718
2021-06-04,393.686920,16.420000,1.420000,1.540000,0.009104
2021-06-07,393.305084,16.420000,1.410000,1.550000,-0.000970
2021-06-08,393.388824,17.070000,1.390000,1.510000,0.000213
2021-06-09,392.801971,17.890000,1.340000,1.470000,-0.001493
2021-06-10,394.627869,16.100000,1.310000,1.420000,0.004638
2021-06-11,395.280029,15.650000,1.310000,1.440000,0.001651
2021-06-14,396.165009,16.390000,1.350000,1.480000,0.002236
2021-06-15,395.438354,17.020000,1.350000,1.480000,-0.001836
2021-06-16,393.230499,18.150000,1.360000,1.530000,-0.005599
2021-06-17,393.100067,17.750000,1.290000,1.480000,-0.000332
2021-06-18,387.797058,20.700000,1.190000,1.400000,-0.013582
2021-06-21,393.348663,17.890000,1.230000,1.450000,0.014214
2021-06-22,395.451538,16.660000,1.230000,1.440000,0.005332
2021-06-23,394.974884,16.320000,1.240000,1.450000,-0.001206
2021-06-24,397.311523,15.970000,1.230000,1.440000,0.005898
2021-06-25,398.722809,15.620000,1.260000,1.480000,0.003546
2021-06-28,399.526550,15.760000,1.240000,1.440000,0.002014
2021-06-29,399.741608,16.020000,1.220000,1.450000,0.000538
2021-06-30,400.078003,15.830000,1.200000,1.400000,0.000841
2021-07-01,402.293091,15.480000,1.230000,1.430000,0.005521
2021-07-02,405.368073,15.070000,1.200000,1.390000,0.007615
2021-07-06,404.629700,16.440000,1.150000,1.320000,-0.001823
2021-07-07,406.059692,16.200000,1.110000,1.280000,0.003528
2021-07-08,402.751129,19.000000,1.110000,1.240000,-0.008181
2021-07-09,407.050323,16.180000,1.140000,1.310000,0.010618
2021-07-12,408.508423,16.170000,1.150000,1.330000,0.003576
2021-07-13,407.115814,17.120000,1.160000,1.370000,-0.003415
2021-07-14,407.723328,16.330000,1.140000,1.310000,0.001491
2021-07-15,406.330719,17.010000,1.080000,1.260000,-0.003421
2021-07-16,403.143524,18.450000,1.060000,1.260000,-0.007875
2021-07-19,397.190033,22.500000,0.980000,1.140000,-0.014878
2021-07-20,402.881897,19.730000,1.030000,1.180000,0.014229
2021-07-21,406.143707,17.910000,1.080000,1.250000,0.008064
2021-07-22,406.994263,17.690000,1.070000,1.220000,0.002092
2021-07-23,411.181458,17.200000,1.080000,1.250000,0.010236
2021-07-26,412.190796,17.580000,1.070000,1.240000,0.002452
2021-07-27,410.312225,19.360000,1.050000,1.200000,-0.004568
2021-07-28,410.143951,18.310000,1.060000,1.210000,-0.000410
2021-07-29,411.844971,17.700000,1.080000,1.220000,0.004139
2021-07-30,409.845001,18.240000,1.050000,1.180000,-0.004868
2021-08-02,408.985046,19.460000,1.030000,1.150000,-0.002100
2021-08-03,412.312378,18.040000,1.020000,1.140000,0.008103
2021-08-04,410.284210,17.970000,1.020000,1.140000,-0.004931
2021-08-05,412.882507,17.280000,1.020000,1.180000,0.006313
2021-08-06,413.564758,16.150000,1.100000,1.250000,0.001651
2021-08-09,413.228271,16.720000,1.100000,1.270000,-0.000814
2021-08-10,413.742401,16.790000,1.120000,1.310000,0.001243
2021-08-11,414.770447,16.060000,1.120000,1.300000,0.002482
2021-08-12,416.013397,15.590000,1.130000,1.300000,0.002992
2021-08-13,416.770508,15.450000,1.060000,1.230000,0.001818
2021-08-16,417.751923,16.120000,1.050000,1.200000,0.002352
2021-08-17,415.013458,17.910000,1.030000,1.190000,-0.006577
2021-08-18,410.471100,21.570000,1.040000,1.200000,-0.011005
2021-08-19,411.106659,21.670000,1.020000,1.180000,0.001547
2021-08-20,414.377808,18.560000,1.030000,1.210000,0.007925
2021-08-23,418.022980,17.150000,1.020000,1.200000,0.008758
2021-08-24,418.686584,17.220000,1.050000,1.240000,0.001586
2021-08-25,419.565094,16.790000,1.120000,1.290000,0.002096
2021-08-26,417.088287,18.840000,1.090000,1.290000,-0.005921
2021-08-27,420.817413,16.390000,1.090000,1.260000,0.008901
2021-08-30,422.668060,16.190000,1.090000,1.240000,0.004388
2021-08-31,422.041809,16.480000,1.100000,1.260000,-0.001483
2021-09-01,422.266174,16.110000,1.110000,1.260000,0.000531
2021-09-02,423.565277,16.410000,1.090000,1.240000,0.003072
2021-09-03,423.462494,16.410000,1.120000,1.280000,-0.000243
2021-09-07,421.948395,18.140000,1.160000,1.330000,-0.003582
2021-09-08,421.434326,17.960000,1.130000,1.300000,-0.001219
2021-09-09,419.630524,18.800000,1.070000,1.260000,-0.004289
2021-09-10,416.321899,20.950000,1.120000,1.300000,-0.007916
2021-09-13,417.387421,19.370000,1.120000,1.270000,0.002556
2021-09-14,415.134949,19.460000,1.070000,1.240000,-0.005411
2021-09-15,418.602417,18.180000,1.100000,1.270000,0.008318
2021-09-16,417.938873,18.690000,1.110000,1.300000,-0.001586
2021-09-17,413.867615,20.810000,1.140000,1.330000,-0.009789
2021-09-20,406.966766,25.710000,1.080000,1.270000,-0.016815
2021-09-21,406.582306,24.360000,1.110000,1.300000,-0.000945
2021-09-22,410.548462,20.870000,1.070000,1.290000,0.009708
2021-09-23,415.536621,18.630000,1.140000,1.380000,0.012077
2021-09-24,416.221100,17.750000,1.180000,1.440000,0.001646
2021-09-27,415.030334,18.760000,1.170000,1.440000,-0.002865
2021-09-28,406.666779,23.250000,1.230000,1.500000,-0.020357
2021-09-29,407.351227,22.560000,1.250000,1.510000,0.001682
2021-09-30,402.372375,23.140000,1.240000,1.480000,-0.012298
2021-10-01,407.154266,21.150000,1.210000,1.440000,0.011814
2021-10-04,401.903564,22.960000,1.220000,1.450000,-0.012980
2021-10-05,406.085388,21.300000,1.260000,1.500000,0.010351
2021-10-06,407.773193,21.000000,1.230000,1.490000,0.004148
2021-10-07,411.298553,19.540000,1.260000,1.530000,0.008608
2021-10-08,410.548462,18.770000,1.290000,1.560000,-0.001825
2021-10-11,407.576202,20.000000,1.290000,1.560000,-0.007266
2021-10-12,406.572968,19.850000,1.240000,1.530000,-0.002465
2021-10-13,408.035614,18.640000,1.190000,1.510000,0.003591
2021-10-14,414.899078,16.860000,1.160000,1.470000,0.016681
2021-10-15,418.058838,16.300000,1.180000,1.540000,0.007587
2021-10-18,419.296478,16.310000,1.150000,1.530000,0.002956
2021-10-19,422.531342,15.700000,1.240000,1.600000,0.007685
2021-10-20,424.190918,15.490000,1.250000,1.600000,0.003920
2021-10-21,425.297333,15.010000,1.230000,1.620000,0.002605
2021-10-22,424.856537,15.430000,1.180000,1.600000,-0.001037
2021-10-25,427.135040,15.240000,1.170000,1.580000,0.005349
2021-10-26,427.519531,15.980000,1.160000,1.570000,0.000900
2021-10-27,425.625488,16.980000,1.040000,1.480000,-0.004440
2021-10-28,429.732269,16.530000,1.070000,1.510000,0.009603
2021-10-29,430.604279,16.260000,1.070000,1.500000,0.002027
2021-11-01,431.344971,16.410000,1.080000,1.530000,0.001719
2021-11-02,433.088989,16.030000,1.100000,1.510000,0.004035
2021-11-03,435.733093,15.100000,1.130000,1.550000,0.006087
2021-11-04,437.786438,15.440000,1.120000,1.490000,0.004701
2021-11-05,439.305450,16.480000,1.060000,1.400000,0.003464
2021-11-08,439.680481,17.220000,1.060000,1.450000,0.000853
2021-11-09,438.227112,17.780000,1.050000,1.420000,-0.003311
2021-11-10,434.701721,18.730000,1.050000,1.510000,-0.008077
2021-11-11,434.842285,17.660000,1.050000,1.510000,0.000323
2021-11-12,438.123993,16.290000,1.050000,1.530000,0.007519
2021-11-15,438.274078,16.490000,1.100000,1.580000,0.000343
2021-11-16,440.008667,16.370000,1.090000,1.580000,0.003950
2021-11-17,438.939819,17.110000,1.080000,1.550000,-0.002432
2021-11-18,440.430664,17.590000,1.070000,1.540000,0.003391
2021-11-19,439.643097,17.910000,1.020000,1.490000,-0.001790
2021-11-22,438.405334,19.170000,1.000000,1.580000,-0.002819
2021-11-23,438.986694,19.380000,1.070000,1.610000,0.001325
2021-11-24,440.158661,18.580000,1.000000,1.580000,0.002666
2021-11-26,430.341766,28.620000,0.980000,1.420000,-0.022556
2021-11-29,435.620636,22.960000,1.010000,1.460000,0.012192
2021-11-30,427.144470,27.190000,0.910000,1.380000,-0.019649
2021-12-01,422.400055,31.120000,0.870000,1.370000,-0.011169
2021-12-02,428.869629,27.950000,0.810000,1.390000,0.015200
2021-12-03,425.138031,30.670000,0.750000,1.290000,-0.008739
2021-12-06,430.173004,27.180000,0.780000,1.380000,0.011774
2021-12-07,439.070953,21.890000,0.780000,1.420000,0.020474
2021-12-08,440.233643,19.900000,0.840000,1.450000,0.002645
2021-12-09,437.261353,21.580000,0.790000,1.430000,-0.006775
2021-12-10,441.377594,18.690000,0.810000,1.420000,0.009370
2021-12-13,437.467712,20.310000,0.760000,1.370000,-0.008898
2021-12-14,434.457855,21.890000,0.770000,1.390000,-0.006904
2021-12-15,441.246307,19.290000,0.780000,1.420000,0.015504
2021-12-16,437.355194,20.570000,0.800000,1.390000,-0.008858
2021-12-17,432.700439,21.570000,0.750000,1.360000,-0.010700
2021-12-20,428.099365,22.870000,0.780000,1.360000,-0.010690
2021-12-21,435.701996,21.010000,0.780000,1.410000,0.017603
2021-12-22,440.058411,18.630000,0.780000,1.380000,0.009949
2021-12-23,442.796509,17.960000,0.790000,1.430000,0.006203
2021-12-27,449.063080,17.680000,0.720000,1.420000,0.014053
2021-12-28,448.696075,17.540000,0.750000,1.430000,-0.000818
2021-12-29,449.269989,16.950000,0.800000,1.500000,0.001278
2021-12-30,448.028046,17.330000,0.790000,1.470000,-0.002768
2021-12-31,446.898895,17.220000,0.790000,1.460000,-0.002523
2022-01-03,449.486450,16.600000,0.850000,1.550000,0.005773
2022-01-04,449.335938,16.910000,0.890000,1.580000,-0.000335
2022-01-05,440.707703,19.730000,0.880000,1.620000,-0.019389
2022-01-06,440.293701,19.610000,0.850000,1.630000,-0.000940
2022-01-07,438.553009,18.760000,0.890000,1.660000,-0.003961
2022-01-10,438.007263,19.400000,0.860000,1.650000,-0.001245
2022-01-11,441.996704,18.410000,0.850000,1.640000,0.009067
2022-01-12,443.191711,17.620000,0.820000,1.620000,0.002700
2022-01-13,437.085144,20.310000,0.790000,1.580000,-0.013874
2022-01-14,437.263916,19.190000,0.790000,1.650000,0.000409
2022-01-18,429.520081,22.790000,0.810000,1.710000,-0.017868
2022-01-19,425.060181,23.850000,0.790000,1.660000,-0.010438
2022-01-20,420.355591,25.590000,0.750000,1.660000,-0.011130
2022-01-21,412.103790,28.850000,0.740000,1.580000,-0.019826
2022-01-24,413.853821,29.900000,0.760000,1.560000,0.004238
2022-01-25,408.801147,31.160000,0.760000,1.590000,-0.012284
2022-01-26,407.775482,31.960000,0.720000,1.660000,-0.002512
2022-01-27,405.761871,30.490000,0.630000,1.610000,-0.004950
2022-01-28,415.839142,27.660000,0.630000,1.590000,0.024532
2022-01-31,423.328918,24.830000,0.610000,1.570000,0.017851
2022-02-01,426.189362,21.960000,0.630000,1.620000,0.006734
2022-02-02,430.329346,22.090000,0.620000,1.590000,0.009667
2022-02-03,420.214447,24.350000,0.630000,1.620000,-0.023786
2022-02-04,422.190399,23.220000,0.620000,1.700000,0.004691
2022-02-07,420.835480,22.860000,0.620000,1.650000,-0.003214
2022-02-08,424.298126,21.440000,0.610000,1.710000,0.008194
2022-02-09,430.508148,19.960000,0.580000,1.680000,0.014530
2022-02-10,422.773804,23.910000,0.420000,1.630000,-0.018129
2022-02-11,414.437256,27.360000,0.420000,1.560000,-0.019916
2022-02-14,413.082306,28.330000,0.400000,1.550000,-0.003275
2022-02-15,419.743988,25.700000,0.470000,1.650000,0.015998
2022-02-16,420.214447,24.290000,0.510000,1.650000,0.001120
2022-02-17,411.238098,28.110000,0.480000,1.610000,-0.021593
2022-02-18,408.575287,27.750000,0.450000,1.570000,-0.006496
2022-02-22,404.190704,28.810000,0.380000,1.570000,-0.010789
2022-02-23,397.020813,31.020000,0.410000,1.650000,-0.017898
2022-02-24,402.995667,30.320000,0.420000,1.640000,0.014937
2022-02-25,411.887299,27.590000,0.420000,1.640000,0.021824
2022-02-28,410.833466,30.150000,0.390000,1.480000,-0.002562
2022-03-01,404.576355,33.320000,0.410000,1.400000,-0.015347
2022-03-02,412.019012,30.740000,0.360000,1.520000,0.018229
2022-03-03,409.967773,30.480000,0.330000,1.480000,-0.004991
2022-03-04,406.636963,31.980000,0.240000,1.400000,-0.008158
2022-03-07,394.649689,36.450000,0.230000,1.400000,-0.029922
2022-03-08,391.657623,35.130000,0.230000,1.500000,-0.007610
2022-03-09,402.158295,32.450000,0.260000,1.560000,0.026458
2022-03-10,400.342255,30.230000,0.260000,1.590000,-0.004526
2022-03-11,395.251862,30.750000,0.250000,1.600000,-0.012797
2022-03-14,392.363220,31.770000,0.270000,1.690000,-0.007335
2022-03-15,400.991486,29.830000,0.300000,1.690000,0.021752
2022-03-16,409.883087,26.670000,0.240000,1.750000,0.021932
2022-03-17,415.011200,25.670000,0.260000,1.800000,0.012434
2022-03-18,419.556671,23.870000,0.170000,1.720000,0.010893
2022-03-21,419.434082,23.530000,0.180000,1.780000,-0.000292
2022-03-22,424.342010,22.940000,0.200000,1.870000,0.011633
2022-03-23,418.877136,23.570000,0.190000,1.820000,-0.012962
2022-03-24,425.191437,21.670000,0.210000,1.820000,0.014962
2022-03-25,427.267975,20.810000,0.180000,1.930000,0.004872
2022-03-28,430.307037,19.630000,0.110000,1.870000,0.007088
2022-03-29,435.630341,18.900000,0.060000,1.860000,0.012295
2022-03-30,432.940369,19.330000,0.040000,1.800000,-0.006194
2022-03-31,426.276917,20.560000,0.040000,1.800000,-0.015511
2022-04-01,427.484955,19.630000,-0.050000,1.860000,0.002830
2022-04-04,431.147125,18.570000,-0.010000,1.760000,0.008530
2022-04-05,425.701172,21.030000,0.030000,1.890000,-0.012712
2022-04-06,421.444397,22.100000,0.110000,1.940000,-0.010050
2022-04-07,423.568054,21.550000,0.190000,1.980000,0.005026
2022-04-08,422.435425,21.160000,0.190000,2.020000,-0.002678
2022-04-11,415.215088,24.370000,0.290000,2.020000,-0.017240
2022-04-12,413.676575,24.260000,0.330000,1.980000,-0.003712
2022-04-13,418.414673,21.820000,0.330000,1.950000,0.011389
2022-04-14,413.204620,22.700000,0.360000,2.040000,-0.012530
2022-04-18,413.374542,22.170000,0.390000,2.040000,0.000411
2022-04-19,420.047516,21.370000,0.320000,2.120000,0.016014
2022-04-20,419.736053,20.320000,0.250000,2.030000,-0.000742
2022-04-21,413.459473,22.680000,0.220000,2.070000,-0.015067
2022-04-22,402.114532,28.210000,0.180000,2.070000,-0.027823
2022-04-25,404.445831,27.020000,0.180000,1.900000,0.005781
2022-04-26,392.732727,33.520000,0.230000,1.940000,-0.029389
2022-04-27,393.836975,31.600000,0.240000,2.000000,0.002808
2022-04-28,403.785126,29.990000,0.220000,2.030000,0.024946
2022-04-29,388.862946,33.400000,0.190000,2.040000,-0.037656
2022-05-02,391.203674,32.340000,0.260000,2.090000,0.006001
2022-05-03,392.997040,29.250000,0.190000,2.060000,0.004574
2022-05-04,404.964874,25.420000,0.270000,2.040000,0.029998
2022-05-05,390.571350,31.200000,0.340000,2.200000,-0.036190
2022-05-06,388.240051,30.190000,0.400000,2.270000,-0.005987
2022-05-09,375.809662,34.750000,0.440000,2.130000,-0.032541
2022-05-10,376.678040,32.990000,0.370000,2.100000,0.002308
2022-05-11,370.694000,32.560000,0.250000,2.000000,-0.016014
2022-05-12,370.307007,31.770000,0.280000,1.880000,-0.001045
2022-05-13,379.160309,28.870000,0.320000,1.900000,0.023627
2022-05-16,377.621796,27.470000,0.300000,1.810000,-0.004066
2022-05-17,385.389648,26.100000,0.270000,1.920000,0.020362
2022-05-18,369.854034,30.960000,0.210000,1.860000,-0.041146
2022-05-19,367.588684,29.350000,0.210000,1.790000,-0.006144
2022-05-20,367.749237,29.430000,0.180000,1.750000,0.000437
2022-05-23,374.629791,28.480000,0.210000,1.790000,0.018537
2022-05-24,371.770050,29.450000,0.260000,1.700000,-0.007663
2022-05-25,375.054565,28.370000,0.270000,1.690000,0.008796
2022-05-26,382.548676,27.500000,0.290000,1.680000,0.019784
2022-05-27,391.939880,25.720000,0.270000,1.660000,0.024253
2022-05-31,389.740723,26.190000,0.320000,1.690000,-0.005627
2022-06-01,386.588287,25.690000,0.280000,1.790000,-0.008121
2022-06-02,393.950256,24.720000,0.270000,1.750000,0.018864
2022-06-03,387.484955,24.790000,0.300000,1.750000,-0.016548
2022-06-06,388.664734,25.070000,0.310000,1.780000,0.003040
2022-06-07,392.392944,24.020000,0.230000,1.720000,0.009547
2022-06-08,388.126770,23.960000,0.250000,1.750000,-0.010932
2022-06-09,378.896027,26.090000,0.210000,1.740000,-0.024070
2022-06-10,367.909668,27.750000,0.090000,1.760000,-0.029424
2022-06-13,353.940765,34.020000,0.030000,1.700000,-0.038708
2022-06-14,352.874237,32.690000,0.040000,1.660000,-0.003018
2022-06-15,357.904968,29.620000,0.130000,1.590000,0.014156
2022-06-16,346.059723,32.950000,0.140000,1.690000,-0.033656
2022-06-17,346.805725,31.130000,0.080000,1.620000,0.002153
2022-06-21,355.536072,30.190000,0.100000,1.610000,0.024862
2022-06-22,354.891510,28.950000,0.100000,1.550000,-0.001815
2022-06-23,358.370361,29.050000,0.080000,1.440000,0.009755
2022-06-24,369.764282,27.230000,0.090000,1.400000,0.031299
2022-06-27,368.351929,26.950000,0.120000,1.410000,-0.003827
2022-06-28,360.825470,28.360000,0.100000,1.410000,-0.020644
2022-06-29,360.531616,28.160000,0.040000,1.320000,-0.000815
2022-06-30,357.602509,28.710000,0.060000,1.260000,-0.008158
2022-07-01,361.384796,26.700000,0.040000,1.150000,0.010521
2022-07-05,362.067261,27.540000,0.000000,0.920000,0.001887
2022-07-06,363.290039,26.730000,-0.040000,1.030000,0.003372
2022-07-07,368.731049,26.080000,-0.020000,1.060000,0.014866
2022-07-08,368.427826,24.640000,-0.030000,1.110000,-0.000823
2022-07-11,364.219025,26.170000,-0.080000,0.810000,-0.011489
2022-07-12,360.996033,27.290000,-0.070000,0.740000,-0.008888
2022-07-13,359.100250,26.820000,-0.220000,0.520000,-0.005265
2022-07-14,358.228180,26.400000,-0.190000,0.560000,-0.002431
2022-07-15,365.072174,24.230000,-0.200000,0.560000,0.018925
2022-07-18,362.057770,25.300000,-0.190000,0.460000,-0.008291
2022-07-19,371.840210,24.500000,-0.220000,0.490000,0.026660
2022-07-20,374.210083,23.880000,-0.210000,0.530000,0.006353
2022-07-21,378.020721,23.110000,-0.190000,0.430000,0.010132
2022-07-22,374.513428,23.030000,-0.210000,0.280000,-0.009321
2022-07-25,374.968475,23.360000,-0.190000,0.190000,0.001214
2022-07-26,370.532196,24.690000,-0.210000,0.260000,-0.011902
2022-07-27,380.153595,23.240000,-0.180000,0.340000,0.025635
2022-07-28,384.921600,22.330000,-0.170000,0.260000,0.012464
2022-07-29,390.533234,21.330000,-0.220000,0.260000,0.014473
2022-08-01,389.376770,22.840000,-0.300000,0.040000,-0.002966
2022-08-02,386.807953,23.930000,-0.310000,0.190000,-0.006619
2022-08-03,392.865173,21.950000,-0.370000,0.210000,0.015538
2022-08-04,392.599792,21.440000,-0.350000,0.180000,-0.000676
2022-08-05,391.936127,21.150000,-0.410000,0.250000,-0.001692
2022-08-08,391.481262,21.290000,-0.440000,0.120000,-0.001161
2022-08-09,389.926636,21.770000,-0.480000,0.130000,-0.003979
2022-08-10,398.116669,19.740000,-0.450000,0.130000,0.020786
2022-08-11,398.116669,20.200000,-0.360000,0.250000,0.000000
2022-08-12,404.856293,19.530000,-0.410000,0.210000,0.016787
2022-08-15,406.524658,19.950000,-0.410000,0.070000,0.004112
2022-08-16,407.320923,19.690000,-0.430000,0.120000,0.001957
2022-08-17,404.429749,19.900000,-0.390000,0.210000,-0.007123
2022-08-18,405.605225,19.560000,-0.340000,0.170000,0.002902
2022-08-19,400.154694,20.600000,-0.270000,0.240000,-0.013529
2022-08-22,391.822479,23.800000,-0.290000,0.210000,-0.021042
2022-08-23,390.874542,24.110000,-0.240000,0.250000,-0.002422
2022-08-24,392.125702,22.820000,-0.250000,0.290000,0.003196
2022-08-25,397.661713,21.780000,-0.320000,0.150000,0.014019
2022-08-26,384.201172,25.560000,-0.330000,0.150000,-0.034435
2022-08-29,381.660797,26.210000,-0.300000,0.150000,-0.006634
2022-08-30,377.470947,26.210000,-0.350000,0.140000,-0.011039
2022-08-31,374.598755,25.870000,-0.300000,0.190000,-0.007638
2022-09-01,375.774200,25.560000,-0.250000,0.290000,0.003133
2022-09-02,371.811859,25.470000,-0.200000,0.260000,-0.010600
2022-09-06,370.408936,26.910000,-0.170000,0.290000,-0.003780
2022-09-07,377.063293,24.640000,-0.180000,0.200000,0.017805
2022-09-08,379.527985,23.610000,-0.190000,0.230000,0.006515
2022-09-09,385.424011,22.790000,-0.230000,0.250000,0.015416
2022-09-12,389.566437,23.870000,-0.210000,0.200000,0.010690
2022-09-13,372.627075,27.270000,-0.330000,0.140000,-0.044456
2022-09-14,374.048950,26.160000,-0.370000,0.170000,0.003809
2022-09-15,369.802246,26.270000,-0.420000,0.230000,-0.011418
2022-09-16,366.981049,26.300000,-0.400000,0.250000,-0.007658
2022-09-19,369.827026,25.760000,-0.460000,0.120000,0.007725
2022-09-20,365.581879,27.160000,-0.390000,0.220000,-0.011545
2022-09-21,359.204803,27.990000,-0.510000,0.200000,-0.017598
2022-09-22,356.187500,27.350000,-0.410000,0.410000,-0.008435
2022-09-23,350.219696,29.920000,-0.510000,0.450000,-0.016897
2022-09-26,346.755035,32.260000,-0.390000,0.490000,-0.009942
2022-09-27,345.869904,32.600000,-0.330000,0.620000,-0.002556
2022-09-28,352.675415,30.180000,-0.350000,0.320000,0.019485
2022-09-29,345.308319,31.840000,-0.400000,0.400000,-0.021110
2022-09-30,339.968597,31.620000,-0.390000,0.500000,-0.015584
2022-10-03,348.944183,30.100000,-0.450000,0.210000,0.026059
2022-10-04,359.756775,29.070000,-0.480000,0.170000,0.030516
2022-10-05,358.919250,28.550000,-0.390000,0.300000,-0.002331
2022-10-06,355.216644,30.520000,-0.400000,0.370000,-0.010370
2022-10-07,345.308319,31.360000,-0.410000,0.440000,-0.028290
2022-10-10,342.671783,32.450000,-0.410000,0.440000,-0.007665
2022-10-11,340.501617,33.630000,-0.370000,0.260000,-0.006353
2022-10-12,339.378479,33.570000,-0.370000,0.210000,-0.003304
2022-10-13,348.335052,31.940000,-0.500000,0.180000,0.026049
2022-10-14,340.396912,32.020000,-0.480000,0.190000,-0.023052
2022-10-17,349.144073,31.370000,-0.430000,0.050000,0.025372
2022-10-18,353.246460,30.500000,-0.420000,-0.030000,0.011681
2022-10-19,350.743164,30.760000,-0.410000,0.070000,-0.007112
2022-10-20,347.802063,29.980000,-0.380000,0.150000,-0.008421
2022-10-21,356.254120,29.690000,-0.280000,0.120000,0.024011
2022-10-24,360.613434,29.850000,-0.250000,0.090000,0.012162
2022-10-25,366.371948,28.460000,-0.320000,-0.040000,0.015843
2022-10-26,363.611725,27.280000,-0.350000,-0.070000,-0.007562
2022-10-27,361.669922,27.390000,-0.340000,-0.170000,-0.005355
2022-10-28,370.274384,25.750000,-0.390000,-0.160000,0.023512
2022-10-31,367.599762,25.880000,-0.410000,-0.120000,-0.007250
2022-11-01,365.991211,25.810000,-0.470000,-0.160000,-0.004385
2022-11-02,356.806183,25.860000,-0.510000,-0.120000,-0.025417
2022-11-03,353.132233,25.300000,-0.570000,-0.110000,-0.010350
2022-11-04,358.214905,24.550000,-0.490000,-0.040000,0.014291
2022-11-07,361.641449,24.350000,-0.500000,-0.070000,0.009520
2022-11-08,363.592621,25.540000,-0.530000,-0.140000,0.005381
2022-11-09,356.101868,26.090000,-0.490000,-0.170000,-0.020817
2022-11-10,375.671143,23.530000,-0.520000,-0.460000,0.053497
2022-11-11,379.307068,22.520000,-0.520000,-0.460000,0.009632
2022-11-14,376.080383,23.730000,-0.520000,-0.460000,-0.008543
2022-11-15,379.288025,24.540000,-0.570000,-0.510000,0.008493
2022-11-16,376.394501,24.110000,-0.680000,-0.650000,-0.007658
2022-11-17,375.242828,23.930000,-0.660000,-0.550000,-0.003064
2022-11-18,376.946533,23.120000,-0.690000,-0.520000,0.004530
2022-11-21,375.575958,22.360000,-0.650000,-0.580000,-0.003643
2022-11-22,380.630066,21.290000,-0.710000,-0.640000,0.013367
2022-11-23,383.028687,20.350000,-0.750000,-0.690000,0.006282
2022-11-25,382.943024,20.500000,-0.740000,-0.730000,-0.000224
2022-11-28,376.832397,22.210000,-0.770000,-0.720000,-0.016086
2022-11-29,376.185120,21.890000,-0.730000,-0.630000,-0.001719
2022-11-30,388.035217,20.580000,-0.700000,-0.690000,0.031015
2022-12-01,387.749695,19.840000,-0.720000,-0.800000,-0.000736
2022-12-02,387.302338,19.060000,-0.770000,-0.830000,-0.001154
2022-12-05,380.335052,20.750000,-0.810000,-0.760000,-0.018153
2022-12-06,374.852600,22.170000,-0.830000,-0.860000,-0.014520
2022-12-07,374.214905,22.680000,-0.840000,-0.870000,-0.001703
2022-12-08,377.146454,22.290000,-0.830000,-0.800000,0.007803
2022-12-09,374.329071,22.830000,-0.760000,-0.740000,-0.007498
2022-12-12,379.725861,25.000000,-0.780000,-0.770000,0.014314
2022-12-13,382.600311,22.550000,-0.710000,-0.840000,0.007541
2022-12-14,380.154175,21.140000,-0.740000,-0.840000,-0.006414
2022-12-15,370.855011,22.830000,-0.790000,-0.900000,-0.024766
2022-12-16,366.476654,22.620000,-0.690000,-0.830000,-0.011876
2022-12-19,363.368988,22.420000,-0.680000,-0.800000,-0.008516
2022-12-20,363.866180,21.480000,-0.560000,-0.660000,0.001367
2022-12-21,369.306915,20.070000,-0.530000,-0.650000,0.014842
2022-12-22,364.038361,21.970000,-0.570000,-0.680000,-0.014369
2022-12-23,366.132324,20.870000,-0.560000,-0.590000,0.005736
2022-12-27,364.688599,21.650000,-0.480000,-0.620000,-0.003951
2022-12-28,360.156281,22.140000,-0.430000,-0.580000,-0.012506
2022-12-29,366.639160,21.440000,-0.510000,-0.620000,0.017840
2022-12-30,365.673401,21.670000,-0.530000,-0.540000,-0.002638
2023-01-03,364.133942,22.900000,-0.610000,-0.740000,-0.004219
2023-01-04,366.945129,22.010000,-0.670000,-0.860000,0.007691
2023-01-05,362.757111,22.460000,-0.740000,-0.950000,-0.011479
2023-01-06,371.075806,21.130000,-0.690000,-1.120000,0.022673
2023-01-09,370.865479,21.970000,-0.660000,-1.170000,-0.000567
2023-01-10,373.466217,20.580000,-0.630000,-1.120000,0.006988
2023-01-11,378.189819,21.090000,-0.660000,-1.180000,0.012569
2023-01-12,379.566772,18.830000,-0.690000,-1.230000,0.003634
2023-01-13,381.039276,18.350000,-0.730000,-1.180000,0.003872
2023-01-17,380.341309,19.360000,-0.650000,-1.180000,-0.001833
2023-01-18,374.336395,20.340000,-0.690000,-1.320000,-0.015914
2023-01-19,371.611298,20.520000,-0.700000,-1.320000,-0.007306
2023-01-20,378.534058,19.850000,-0.660000,-1.240000,0.018458
2023-01-23,383.075928,19.810000,-0.690000,-1.210000,0.011927
2023-01-24,382.664825,19.200000,-0.660000,-1.260000,-0.001074
2023-01-25,382.808258,19.080000,-0.650000,-1.260000,0.000375
2023-01-26,387.015442,18.730000,-0.680000,-1.220000,0.010930
2023-01-27,387.904694,18.510000,-0.670000,-1.210000,0.002295
2023-01-30,383.037720,19.940000,-0.700000,-1.170000,-0.012626
2023-01-31,388.669617,19.400000,-0.690000,-1.180000,0.014596
2023-02-01,392.800293,17.870000,-0.700000,-1.270000,0.010572
2023-02-02,398.518341,18.730000,-0.690000,-1.260000,0.014452
2023-02-03,394.282471,18.330000,-0.770000,-1.170000,-0.010686
2023-02-06,391.872864,19.430000,-0.810000,-1.080000,-0.006130
2023-02-07,396.997955,18.660000,-0.800000,-1.040000,0.012994
2023-02-08,392.656952,19.630000,-0.820000,-1.090000,-0.010995
2023-02-09,389.252930,20.710000,-0.810000,-1.100000,-0.008707
2023-02-10,390.161346,20.530000,-0.760000,-1.050000,0.002331
2023-02-13,394.741455,20.340000,-0.800000,-1.090000,0.011671
2023-02-14,394.559692,18.910000,-0.830000,-1.030000,-0.000461
2023-02-15,395.840973,18.230000,-0.810000,-0.980000,0.003242
2023-02-16,390.390747,20.170000,-0.760000,-0.980000,-0.013864
2023-02-17,389.415436,20.020000,-0.780000,-1.020000,-0.002501
2023-02-21,381.603455,22.870000,-0.720000,-0.910000,-0.020265
2023-02-22,381.077576,22.290000,-0.730000,-0.910000,-0.001379
2023-02-23,383.104614,21.140000,-0.780000,-0.960000,0.005305
2023-02-24,379.012177,21.670000,-0.830000,-0.910000,-0.010740
2023-02-27,380.303070,20.950000,-0.860000,-0.970000,0.003400
2023-02-28,378.897461,20.700000,-0.890000,-0.960000,-0.003703
2023-03-01,377.444092,20.580000,-0.880000,-0.890000,-0.003843
2023-03-02,380.379578,19.590000,-0.810000,-0.830000,0.007747
2023-03-03,386.479950,18.490000,-0.890000,-0.940000,0.015910
2023-03-06,386.747711,18.610000,-0.910000,-0.950000,0.000693
2023-03-07,380.819336,19.590000,-1.030000,-1.070000,-0.015447
2023-03-08,381.440857,19.110000,-1.070000,-1.080000,0.001631
2023-03-09,374.403412,22.610000,-0.970000,-1.120000,-0.018622
2023-03-10,369.000946,24.800000,-0.900000,-1.310000,-0.014535
2023-03-13,368.475006,26.520000,-0.480000,-1.320000,-0.001426
2023-03-14,374.565948,23.730000,-0.560000,-1.240000,0.016395
2023-03-15,372.223236,26.140000,-0.420000,-1.240000,-0.006274
2023-03-16,378.753998,22.990000,-0.580000,-1.180000,0.017393
2023-03-17,374.325378,25.510000,-0.420000,-1.130000,-0.011761
2023-03-20,377.924683,24.150000,-0.450000,-1.340000,0.009570
2023-03-21,382.887115,21.380000,-0.580000,-1.190000,0.013045
2023-03-22,376.360199,22.260000,-0.480000,-1.310000,-0.017194
2023-03-23,377.377625,22.610000,-0.380000,-1.350000,0.002700
2023-03-24,379.854004,21.740000,-0.380000,-1.360000,0.006541
2023-03-27,380.564240,20.600000,-0.410000,-1.380000,0.001868
2023-03-28,379.710022,19.970000,-0.470000,-1.250000,-0.002247
2023-03-29,385.229095,19.120000,-0.510000,-1.230000,0.014430
2023-03-30,387.484650,19.020000,-0.550000,-1.420000,0.005838
2023-03-31,392.946106,18.700000,-0.580000,-1.370000,0.013996
2023-04-03,394.443451,18.550000,-0.540000,-1.470000,0.003803
2023-04-04,392.255035,19.000000,-0.490000,-1.530000,-0.005564
2023-04-05,391.227997,19.080000,-0.490000,-1.560000,-0.002622
2023-04-06,392.754150,18.400000,-0.520000,-1.610000,0.003893
2023-04-10,393.157288,18.970000,-0.590000,-1.670000,0.001026
2023-04-11,393.262848,19.100000,-0.600000,-1.610000,0.000268
2023-04-12,391.659973,19.090000,-0.540000,-1.610000,-0.004084
2023-04-13,396.862244,17.800000,-0.510000,-1.650000,0.013195
2023-04-14,395.892792,17.070000,-0.560000,-1.620000,-0.002446
2023-04-17,397.313354,16.950000,-0.580000,-1.610000,0.003582
2023-04-18,397.572479,16.830000,-0.610000,-1.620000,0.000652
2023-04-19,397.505280,16.460000,-0.640000,-1.560000,-0.000169
2023-04-20,395.336121,17.170000,-0.600000,-1.580000,-0.005472
2023-04-21,395.643250,16.770000,-0.600000,-1.570000,0.000777
2023-04-24,396.055969,16.890000,-0.600000,-1.680000,0.001043
2023-04-25,389.769073,18.760000,-0.460000,-1.720000,-0.016001
2023-04-26,388.118103,18.840000,-0.470000,-1.730000,-0.004245
2023-04-27,395.844879,17.030000,-0.540000,-1.650000,0.019713
2023-04-28,399.223419,15.780000,-0.600000,-1.660000,0.008499
2023-05-01,398.820221,16.080000,-0.550000,-1.680000,-0.001010
2023-05-02,394.337891,17.780000,-0.530000,-1.800000,-0.011303
2023-05-03,391.631104,18.340000,-0.510000,-1.880000,-0.006888
2023-05-04,388.857178,20.090000,-0.380000,-1.890000,-0.007108
2023-05-05,396.055969,17.190000,-0.480000,-1.820000,0.018343
2023-05-08,396.161560,16.980000,-0.480000,-1.790000,0.000267
2023-05-09,394.424225,17.710000,-0.480000,-1.760000,-0.004395
2023-05-10,396.267120,16.940000,-0.470000,-1.810000,0.004661
2023-05-11,395.576019,16.930000,-0.500000,-1.810000,-0.001746
2023-05-12,395.057739,17.030000,-0.520000,-1.790000,-0.001311
2023-05-15,396.420715,17.120000,-0.490000,-1.710000,0.003444
2023-05-16,393.771606,17.990000,-0.520000,-1.690000,-0.006705
2023-05-17,398.551544,16.870000,-0.550000,-1.690000,0.012066
2023-05-18,402.390869,16.050000,-0.590000,-1.660000,0.009587
2023-05-19,401.805389,16.810000,-0.580000,-1.590000,-0.001456
2023-05-22,401.968567,17.210000,-0.570000,-1.680000,0.000406
2023-05-23,397.457306,18.530000,-0.560000,-1.640000,-0.011286
2023-05-24,394.577820,20.030000,-0.580000,-1.640000,-0.007271
2023-05-25,397.994843,19.140000,-0.670000,-1.550000,0.008623
2023-05-26,403.149139,17.950000,-0.740000,-1.540000,0.012868
2023-05-30,403.302673,17.460000,-0.770000,-1.860000,0.000381
2023-05-31,401.066315,17.940000,-0.760000,-1.880000,-0.005561
2023-06-01,404.876892,15.650000,-0.720000,-1.890000,0.009456
2023-06-02,410.731873,14.600000,-0.810000,-1.810000,0.014358
2023-06-05,409.944733,14.730000,-0.770000,-1.770000,-0.001918
2023-06-06,410.837402,13.960000,-0.810000,-1.740000,0.002175
2023-06-07,409.416870,13.940000,-0.770000,-1.630000,-0.003464
2023-06-08,411.893219,13.650000,-0.790000,-1.650000,0.006030
2023-06-09,412.632324,13.830000,-0.840000,-1.620000,0.001793
2023-06-12,416.375641,15.010000,-0.820000,-1.670000,0.009031
2023-06-13,419.120758,14.610000,-0.830000,-1.520000,0.006571
2023-06-14,419.619843,13.880000,-0.910000,-1.530000,0.001190
2023-06-15,424.822174,14.500000,-0.900000,-1.610000,0.012322
2023-06-16,423.375214,13.540000,-0.930000,-1.570000,-0.003412
2023-06-20,421.178558,13.880000,-0.940000,-1.650000,-0.005202
2023-06-21,419.020569,13.200000,-0.960000,-1.680000,-0.005137
2023-06-22,420.533112,12.910000,-0.970000,-1.600000,0.003603
2023-06-23,417.353882,13.440000,-0.970000,-1.670000,-0.007589
2023-06-26,415.648712,14.250000,-0.930000,-1.780000,-0.004094
2023-06-27,420.205566,13.740000,-0.970000,-1.670000,0.010904
2023-06-28,420.417542,13.430000,-1.000000,-1.730000,0.000504
2023-06-29,422.074524,13.540000,-1.020000,-1.610000,0.003934
2023-06-30,427.055328,13.590000,-1.060000,-1.620000,0.011732
2023-07-03,427.546692,13.570000,-1.080000,-1.580000,0.001150
2023-07-05,426.910828,14.180000,-0.990000,-1.490000,-0.001488
2023-07-06,423.567841,15.440000,-0.940000,-1.410000,-0.007861
2023-07-07,422.498444,14.830000,-0.880000,-1.400000,-0.002528
2023-07-10,423.567841,15.070000,-0.840000,-1.470000,0.002528
2023-07-11,426.265381,14.840000,-0.890000,-1.500000,0.006348
2023-07-12,429.695038,13.540000,-0.860000,-1.610000,0.008014
2023-07-13,433.105438,13.610000,-0.830000,-1.710000,0.007905
2023-07-14,432.835754,13.340000,-0.910000,-1.660000,-0.000623
2023-07-17,434.338654,13.480000,-0.930000,-1.680000,0.003466
2023-07-18,437.566040,13.300000,-0.940000,-1.690000,0.007403
2023-07-19,438.539001,13.760000,-0.990000,-1.740000,0.002221
2023-07-20,435.629547,13.990000,-0.950000,-1.640000,-0.006657
2023-07-21,435.629547,13.600000,-0.980000,-1.660000,0.000000
2023-07-24,437.575684,13.910000,-0.950000,-1.650000,0.004457
2023-07-25,438.770264,13.860000,-0.940000,-1.600000,0.002726
2023-07-26,438.837708,13.190000,-0.960000,-1.650000,0.000154
2023-07-27,435.928253,14.410000,-0.900000,-1.500000,-0.006652
2023-07-28,440.196075,13.330000,-0.910000,-1.560000,0.009743
2023-07-31,441.034241,13.630000,-0.910000,-1.580000,0.001902
2023-08-01,439.772186,13.930000,-0.870000,-1.490000,-0.002866
2023-08-02,433.654633,16.090000,-0.800000,-1.450000,-0.014008
2023-08-03,432.411835,15.920000,-0.700000,-1.340000,-0.002870
2023-08-04,430.456116,17.100000,-0.730000,-1.490000,-0.004533
2023-08-07,434.213348,15.770000,-0.670000,-1.470000,0.008691
2023-08-08,432.325165,15.990000,-0.720000,-1.550000,-0.004358
2023-08-09,429.434937,15.960000,-0.790000,-1.550000,-0.006708
2023-08-10,429.589081,15.850000,-0.730000,-1.450000,0.000359
2023-08-11,429.338623,14.840000,-0.730000,-1.380000,-0.000583
2023-08-14,431.708496,14.820000,-0.770000,-1.370000,0.005505
2023-08-15,426.679657,16.460000,-0.710000,-1.350000,-0.011717
2023-08-16,423.548584,16.780000,-0.690000,-1.280000,-0.007365
2023-08-17,420.321167,17.890000,-0.640000,-1.260000,-0.007649
2023-08-18,420.523468,17.300000,-0.660000,-1.290000,0.000481
2023-08-21,423.259491,17.130000,-0.630000,-1.230000,0.006485
2023-08-22,422.113159,16.970000,-0.680000,-1.230000,-0.002712
2023-08-23,426.814514,15.980000,-0.760000,-1.380000,0.011076
2023-08-24,420.899231,17.200000,-0.750000,-1.350000,-0.013956
2023-08-25,423.866455,15.680000,-0.780000,-1.360000,0.007025
2023-08-28,426.554352,15.080000,-0.780000,-1.380000,0.006321
2023-08-29,432.720154,14.450000,-0.750000,-1.440000,0.014351
2023-08-30,434.502441,13.880000,-0.780000,-1.440000,0.004110
2023-08-31,433.866577,13.570000,-0.760000,-1.470000,-0.001465
2023-09-01,434.675812,13.090000,-0.690000,-1.350000,0.001863
2023-09-05,432.797180,14.010000,-0.670000,-1.280000,-0.004331
2023-09-06,429.887695,14.450000,-0.710000,-1.250000,-0.006745
2023-09-07,428.567841,14.400000,-0.670000,-1.260000,-0.003075
2023-09-08,429.213318,13.840000,-0.720000,-1.290000,0.001505
2023-09-11,432.036102,13.800000,-0.680000,-1.260000,0.006555
2023-09-12,429.666138,14.230000,-0.710000,-1.290000,-0.005501
2023-09-13,430.167084,13.480000,-0.710000,-1.300000,0.001165
2023-09-14,433.876190,12.820000,-0.710000,-1.260000,0.008586
2023-09-15,428.648712,13.790000,-0.690000,-1.230000,-0.012121
2023-09-18,428.900055,14.000000,-0.730000,-1.230000,0.000586
2023-09-19,428.010620,14.110000,-0.710000,-1.170000,-0.002076
2023-09-20,424.075745,15.140000,-0.770000,-1.210000,-0.009236
2023-09-21,417.066498,17.540000,-0.630000,-1.080000,-0.016666
2023-09-22,416.128693,17.200000,-0.660000,-1.120000,-0.002251
2023-09-25,417.878601,16.900000,-0.540000,-1.030000,0.004196
2023-09-26,411.739441,18.940000,-0.480000,-1.020000,-0.014800
2023-09-27,411.903809,18.220000,-0.490000,-0.970000,0.000399
2023-09-28,414.291779,17.340000,-0.450000,-0.970000,0.005781
2023-09-29,413.286285,17.520000,-0.440000,-0.960000,-0.002430
2023-10-02,413.121948,17.610000,-0.430000,-0.930000,-0.000398
2023-10-03,407.591888,19.780000,-0.340000,-0.810000,-0.013476
2023-10-04,410.559937,18.580000,-0.320000,-0.880000,0.007256
2023-10-05,410.405243,18.490000,-0.310000,-0.890000,-0.000377
2023-10-06,415.277893,17.450000,-0.300000,-0.850000,0.011803
2023-10-09,417.936615,17.700000,-0.300000,-0.850000,0.006382
2023-10-10,420.111908,17.030000,-0.300000,-0.950000,0.005191
2023-10-11,421.832855,16.090000,-0.410000,-1.030000,0.004088
2023-10-12,419.261108,16.690000,-0.360000,-0.930000,-0.006115
2023-10-13,417.172852,19.320000,-0.410000,-0.990000,-0.004993
2023-10-16,421.562103,17.210000,-0.380000,-0.900000,0.010466
2023-10-17,421.542755,17.880000,-0.360000,-0.790000,-0.000046
2023-10-18,415.925629,19.220000,-0.280000,-0.700000,-0.013415
2023-10-19,412.271149,21.400000,-0.160000,-0.620000,-0.008825
2023-10-20,407.205170,21.710000,-0.140000,-0.650000,-0.012364
2023-10-23,406.499390,20.370000,-0.190000,-0.720000,-0.001735
2023-10-24,409.564148,18.970000,-0.190000,-0.750000,0.007511
2023-10-25,403.686005,20.190000,-0.130000,-0.640000,-0.014456
2023-10-26,398.852020,20.680000,-0.160000,-0.730000,-0.012047
2023-10-27,397.044098,21.270000,-0.150000,-0.750000,-0.004543
2023-10-30,401.791138,19.750000,-0.150000,-0.720000,0.011885
2023-10-31,404.314423,18.140000,-0.190000,-0.710000,0.006260
2023-11-01,408.626373,16.870000,-0.180000,-0.800000,0.010608
2023-11-02,416.457458,15.660000,-0.310000,-0.870000,0.018983
2023-11-03,420.256958,14.910000,-0.260000,-0.960000,0.009082
2023-11-06,421.223694,14.890000,-0.260000,-0.890000,0.002298
2023-11-07,422.422516,14.810000,-0.330000,-0.970000,0.002842
2023-11-08,422.731964,14.450000,-0.440000,-1.050000,0.000732
2023-11-09,419.435150,15.290000,-0.410000,-0.920000,-0.007829
2023-11-10,425.980408,14.170000,-0.430000,-0.920000,0.015484
2023-11-13,425.574280,14.760000,-0.390000,-0.920000,-0.000954
2023-11-14,433.830750,14.160000,-0.360000,-1.080000,0.019215
2023-11-15,434.749237,14.180000,-0.370000,-1.000000,0.002115
2023-11-16,435.280914,14.320000,-0.380000,-1.060000,0.001222
2023-11-17,435.822357,13.800000,-0.440000,-1.060000,0.001243
2023-11-20,439.177155,13.410000,-0.470000,-1.120000,0.007668
2023-11-21,438.220001,13.350000,-0.450000,-1.120000,-0.002182
2023-11-22,439.911865,12.850000,-0.470000,-1.120000,0.003853
2023-11-24,440.182617,12.460000,-0.450000,-1.070000,0.000615
2023-11-27,439.389923,12.690000,-0.450000,-1.100000,-0.001802
2023-11-28,439.824921,12.690000,-0.390000,-1.130000,0.000990
2023-11-29,439.515472,12.980000,-0.370000,-1.180000,-0.000704
2023-11-30,441.246063,12.920000,-0.360000,-1.080000,0.003930
2023-12-01,443.856415,12.630000,-0.340000,-1.210000,0.005898
2023-12-04,441.526428,13.080000,-0.360000,-1.180000,-0.005263
2023-12-05,441.439453,12.850000,-0.390000,-1.270000,-0.000197
2023-12-06,439.660553,12.970000,-0.480000,-1.330000,-0.004038
2023-12-07,443.015289,13.060000,-0.440000,-1.300000,0.007601
2023-12-08,444.919922,12.350000,-0.480000,-1.210000,0.004290
2023-12-11,446.650452,12.630000,-0.480000,-1.240000,0.003882
2023-12-12,448.690369,12.070000,-0.530000,-1.260000,0.004557
2023-12-13,454.877930,12.190000,-0.420000,-1.400000,0.013696
2023-12-14,456.337830,12.480000,-0.450000,-1.510000,0.003204
2023-12-15,455.586395,12.280000,-0.530000,-1.530000,-0.001648
2023-12-18,458.149109,12.560000,-0.480000,-1.510000,0.005609
2023-12-19,460.935120,12.530000,-0.480000,-1.500000,0.006063
2023-12-20,454.547760,13.670000,-0.480000,-1.580000,-0.013954
2023-12-21,458.857788,13.650000,-0.440000,-1.530000,0.009437
2023-12-22,459.779907,13.030000,-0.410000,-1.540000,0.002008
2023-12-26,461.721344,12.990000,-0.370000,-1.560000,0.004214
2023-12-27,462.556183,12.430000,-0.410000,-1.650000,0.001806
2023-12-28,462.730927,12.470000,-0.420000,-1.610000,0.000378
2023-12-29,461.391327,12.450000,-0.350000,-1.520000,-0.002899
2024-01-02,458.809204,13.200000,-0.380000,-1.510000,-0.005612
2024-01-03,455.062256,14.040000,-0.420000,-1.570000,-0.008200
2024-01-04,453.596497,14.130000,-0.390000,-1.490000,-0.003226
2024-01-05,454.217743,13.350000,-0.350000,-1.420000,0.001369
2024-01-08,460.702148,13.080000,-0.350000,-1.480000,0.014175
2024-01-09,460.003174,12.760000,-0.340000,-1.450000,-0.001518
2024-01-10,462.604675,12.690000,-0.330000,-1.420000,0.005639
2024-01-11,462.400909,12.440000,-0.280000,-1.480000,-0.000441
2024-01-12,462.721191,12.700000,-0.180000,-1.490000,0.000692
2024-01-16,461.022430,13.840000,-0.150000,-1.380000,-0.003678
2024-01-17,458.459778,14.790000,-0.240000,-1.370000,-0.005574
2024-01-18,462.536774,14.130000,-0.200000,-1.310000,0.008854
2024-01-19,468.302826,13.300000,-0.240000,-1.300000,0.012389
2024-01-22,469.292908,13.190000,-0.260000,-1.350000,0.002112
2024-01-23,470.661682,12.550000,-0.170000,-1.310000,0.002912
2024-01-24,471.176178,13.140000,-0.160000,-1.260000,0.001093
2024-01-25,473.738861,13.450000,-0.140000,-1.300000,0.005424
2024-01-26,473.136993,13.260000,-0.190000,-1.290000,-0.001271
2024-01-29,476.883911,13.600000,-0.210000,-1.340000,0.007888
2024-01-30,476.515106,13.310000,-0.300000,-1.360000,-0.000774
2024-01-31,468.739655,14.350000,-0.280000,-1.430000,-0.016452
2024-02-01,474.874603,13.880000,-0.330000,-1.550000,0.013003
2024-02-02,479.873779,13.850000,-0.330000,-1.400000,0.010472
2024-02-05,478.126434,13.670000,-0.290000,-1.250000,-0.003648
2024-02-06,479.514618,13.060000,-0.300000,-1.350000,0.002899
2024-02-07,483.513977,12.830000,-0.320000,-1.340000,0.008306
2024-02-08,483.727539,12.790000,-0.310000,-1.290000,0.000442
2024-02-09,486.523132,12.930000,-0.310000,-1.270000,0.005763
2024-02-12,486.309601,13.930000,-0.290000,-1.260000,-0.000439
2024-02-13,479.611664,15.850000,-0.330000,-1.140000,-0.013869
2024-02-14,483.970154,14.380000,-0.290000,-1.160000,0.009046
2024-02-15,487.309448,14.010000,-0.320000,-1.190000,0.006876
2024-02-16,484.882690,14.240000,-0.340000,-1.140000,-0.004992
2024-02-20,482.213196,15.420000,-0.320000,-1.170000,-0.005521
2024-02-21,482.649994,15.340000,-0.320000,-1.120000,0.000905
2024-02-22,492.638641,14.540000,-0.360000,-1.120000,0.020484
2024-02-23,492.978455,13.750000,-0.410000,-1.200000,0.000690
2024-02-26,491.172913,13.740000,-0.410000,-1.190000,-0.003669
2024-02-27,492.085358,13.430000,-0.390000,-1.140000,0.001856
2024-02-28,491.435028,13.840000,-0.370000,-1.180000,-0.001322
2024-02-29,493.201721,13.400000,-0.390000,-1.200000,0.003589
2024-03-01,497.832001,13.110000,-0.350000,-1.230000,0.009344
2024-03-04,497.298126,13.490000,-0.390000,-1.260000,-0.001073
2024-03-05,492.328064,14.460000,-0.410000,-1.340000,-0.010044
2024-03-06,494.822784,14.500000,-0.440000,-1.360000,0.005054
2024-03-07,499.734589,14.440000,-0.410000,-1.380000,0.009877
2024-03-08,496.735138,14.740000,-0.390000,-1.370000,-0.006020
2024-03-11,496.308044,15.220000,-0.410000,-1.380000,-0.000860
2024-03-12,501.646973,13.840000,-0.420000,-1.320000,0.010700
2024-03-13,500.860596,13.750000,-0.420000,-1.290000,-0.001569
2024-03-14,499.870514,14.400000,-0.390000,-1.190000,-0.001979
2024-03-15,496.438171,14.410000,-0.410000,-1.170000,-0.006890
2024-03-18,499.388519,14.330000,-0.390000,-1.140000,0.005925
2024-03-19,502.163635,13.820000,-0.380000,-1.180000,0.005542
2024-03-20,506.808380,13.040000,-0.320000,-1.200000,0.009207
2024-03-21,508.483246,12.920000,-0.350000,-1.210000,0.003299
2024-03-22,507.519257,13.060000,-0.370000,-1.240000,-0.001898
2024-03-25,506.117004,13.190000,-0.290000,-1.210000,-0.002767
2024-03-26,505.182251,13.240000,-0.320000,-1.220000,-0.001849
2024-03-27,509.427673,12.780000,-0.340000,-1.250000,0.008369
2024-03-28,509.330353,13.010000,-0.390000,-1.260000,-0.000191
2024-04-01,508.444244,13.650000,-0.390000,-1.110000,-0.001741
2024-04-02,505.211548,14.610000,-0.340000,-1.060000,-0.006378
2024-04-03,505.766418,14.330000,-0.320000,-1.060000,0.001098
2024-04-04,499.593018,16.350000,-0.340000,-1.100000,-0.012281
2024-04-05,504.812256,16.030000,-0.340000,-1.040000,0.010393
2024-04-08,505.094635,15.190000,-0.360000,-1.010000,0.000559
2024-04-09,505.678894,14.980000,-0.380000,-1.070000,0.001156
2024-04-10,500.615448,15.800000,-0.420000,-0.900000,-0.010064
2024-04-11,504.393494,14.910000,-0.370000,-0.890000,0.007518
2024-04-12,497.431335,17.310000,-0.380000,-0.950000,-0.013899
2024-04-15,491.199463,19.230000,-0.300000,-0.820000,-0.012607
2024-04-16,490.303650,18.400000,-0.300000,-0.780000,-0.001825
2024-04-17,487.401886,18.210000,-0.340000,-0.860000,-0.005936
2024-04-18,486.398956,18.000000,-0.340000,-0.820000,-0.002060
2024-04-19,482.153442,18.710000,-0.350000,-0.830000,-0.008767
2024-04-22,486.593719,16.940000,-0.350000,-0.800000,0.009167
2024-04-23,492.367920,15.690000,-0.250000,-0.840000,0.011797
2024-04-24,492.134186,15.970000,-0.240000,-0.810000,-0.000475
2024-04-25,490.264648,15.370000,-0.260000,-0.770000,-0.003806
2024-04-26,494.909393,15.030000,-0.290000,-0.790000,0.009429
2024-04-29,496.662109,14.670000,-0.340000,-0.820000,0.003535
2024-04-30,488.794342,15.650000,-0.350000,-0.770000,-0.015968
2024-05-01,487.207153,15.390000,-0.330000,-0.830000,-0.003252
2024-05-02,491.764221,14.680000,-0.290000,-0.880000,0.009310
2024-05-03,497.859802,13.490000,-0.310000,-0.950000,0.012319
2024-05-06,503.001099,13.490000,-0.330000,-0.960000,0.010274
2024-05-07,503.556213,13.230000,-0.350000,-0.980000,0.001103
2024-05-08,503.604767,13.000000,-0.360000,-0.970000,0.000096
2024-05-09,506.506531,12.690000,-0.350000,-1.010000,0.005745
2024-05-10,507.158997,12.550000,-0.370000,-0.970000,0.001287
2024-05-13,507.227020,13.600000,-0.370000,-0.970000,0.000134
2024-05-14,509.554291,13.420000,-0.360000,-0.990000,0.004578
2024-05-15,515.864075,12.450000,-0.370000,-1.090000,0.012307
2024-05-16,514.802734,12.420000,-0.400000,-1.070000,-0.002060
2024-05-17,515.542725,11.990000,-0.410000,-1.040000,0.001436
2024-05-20,516.136780,12.150000,-0.380000,-1.010000,0.001152
2024-05-21,517.402466,11.860000,-0.410000,-1.040000,0.002449
2024-05-22,515.912842,12.290000,-0.430000,-1.020000,-0.002883
2024-05-23,512.144531,12.770000,-0.440000,-0.990000,-0.007331
2024-05-24,515.533081,11.930000,-0.470000,-1.000000,0.006595
2024-05-28,515.893372,12.920000,-0.400000,-0.920000,0.000699
2024-05-29,512.280762,14.280000,-0.350000,-0.850000,-0.007027
2024-05-30,508.882416,14.470000,-0.370000,-0.910000,-0.006656
2024-05-31,513.517334,12.920000,-0.380000,-0.950000,0.009067
2024-06-03,513.936096,13.110000,-0.410000,-1.110000,0.000815
2024-06-04,514.510620,13.160000,-0.440000,-1.190000,0.001117
2024-06-05,520.625610,12.630000,-0.430000,-1.220000,0.011815
2024-06-06,520.615906,12.580000,-0.440000,-1.230000,-0.000019
2024-06-07,519.983093,12.220000,-0.440000,-1.090000,-0.001216
2024-06-10,521.589722,12.740000,-0.400000,-1.050000,0.003085
2024-06-11,522.845703,12.850000,-0.420000,-1.130000,0.002405
2024-06-12,527.139954,12.040000,-0.440000,-1.200000,0.008180
2024-06-13,528.201233,11.940000,-0.440000,-1.270000,0.002011
2024-06-14,528.522705,12.660000,-0.470000,-1.310000,0.000608
2024-06-17,532.729126,12.750000,-0.470000,-1.240000,0.007927
2024-06-18,534.082642,12.300000,-0.470000,-1.280000,0.002537
2024-06-20,532.631775,13.280000,-0.450000,-1.250000,-0.002720
2024-06-21,531.917664,13.200000,-0.450000,-1.240000,-0.001342
2024-06-24,530.188660,13.330000,-0.460000,-1.250000,-0.003256
2024-06-25,532.230347,12.840000,-0.420000,-1.260000,0.003843
2024-06-26,532.894531,12.550000,-0.390000,-1.180000,0.001247
2024-06-27,533.734680,12.240000,-0.410000,-1.200000,0.001575
2024-06-28,531.634338,12.440000,-0.350000,-1.120000,-0.003943
2024-07-01,532.728516,12.220000,-0.290000,-0.990000,0.002056
2024-07-02,536.313660,12.030000,-0.310000,-1.040000,0.006707
2024-07-03,538.707031,12.090000,-0.350000,-1.110000,0.004453
2024-07-05,541.813477,12.480000,-0.320000,-1.180000,0.005750
2024-07-08,542.438599,12.370000,-0.340000,-1.180000,0.001153
2024-07-09,542.966125,12.510000,-0.320000,-1.160000,0.000972
2024-07-10,548.338928,12.850000,-0.340000,-1.180000,0.009847
2024-07-11,543.610840,12.920000,-0.300000,-1.240000,-0.008660
2024-07-12,547.039734,12.460000,-0.270000,-1.250000,0.006288
2024-07-15,548.544067,13.120000,-0.210000,-1.200000,0.002746
2024-07-16,551.797058,13.190000,-0.260000,-1.260000,0.005913
2024-07-17,544.060181,14.480000,-0.260000,-1.270000,-0.014120
2024-07-18,539.879150,15.930000,-0.260000,-1.230000,-0.007715
2024-07-19,536.294128,16.520000,-0.240000,-1.180000,-0.006663
2024-07-22,541.823242,14.910000,-0.240000,-1.170000,0.010257
2024-07-23,540.973328,14.720000,-0.150000,-1.160000,-0.001570
2024-07-24,528.713623,18.040000,-0.090000,-1.120000,-0.022923
2024-07-25,525.958740,18.460000,-0.140000,-1.120000,-0.005224
2024-07-26,531.849304,16.390000,-0.160000,-1.180000,0.011137
2024-07-29,532.161926,16.600000,-0.190000,-1.240000,0.000588
2024-07-30,529.465759,17.690000,-0.200000,-1.250000,-0.005079
2024-07-31,538.072021,16.360000,-0.200000,-1.320000,0.016124
2024-08-01,530.452454,18.590000,-0.170000,-1.380000,-0.014262
2024-08-02,520.576233,23.390000,-0.080000,-1.490000,-0.018794
2024-08-05,505.415161,38.570000,-0.110000,-1.570000,-0.029556
2024-08-06,510.074829,27.710000,-0.090000,-1.440000,0.009177
2024-08-07,506.665436,27.850000,-0.040000,-1.380000,-0.006707
2024-08-08,518.378174,23.790000,-0.050000,-1.350000,0.022854
2024-08-09,520.664062,20.370000,-0.110000,-1.390000,0.004400
2024-08-12,520.937622,20.710000,-0.110000,-1.430000,0.000525
2024-08-13,529.504761,18.120000,-0.080000,-1.470000,0.016312
2024-08-14,531.175354,16.190000,-0.110000,-1.490000,0.003150
2024-08-15,540.279663,15.230000,-0.160000,-1.420000,0.016995
2024-08-16,541.491028,14.800000,-0.170000,-1.440000,0.002240
2024-08-19,546.668457,14.650000,-0.200000,-1.450000,0.009516
2024-08-20,545.779480,15.880000,-0.170000,-1.470000,-0.001627
2024-08-21,547.655212,16.270000,-0.130000,-1.470000,0.003431
2024-08-22,543.356812,17.550000,-0.130000,-1.420000,-0.007880
2024-08-23,549.130188,15.860000,-0.090000,-1.440000,0.010569
2024-08-26,547.821167,16.150000,-0.090000,-1.420000,-0.002387
2024-08-27,548.573364,15.430000,0.000000,-1.400000,0.001372
2024-08-28,545.388855,17.110000,0.010000,-1.370000,-0.005822
2024-08-29,545.437622,15.650000,0.000000,-1.350000,0.000089
2024-08-30,550.644409,15.000000,0.000000,-1.300000,0.009501
2024-09-03,539.312622,20.720000,-0.040000,-1.350000,-0.020794
2024-09-04,538.208801,21.320000,0.010000,-1.410000,-0.002049
2024-09-05,536.899658,19.900000,-0.020000,-1.420000,-0.002435
2024-09-06,527.863647,22.380000,0.060000,-1.410000,-0.016973
2024-09-09,533.773804,19.450000,0.020000,-1.410000,0.011134
2024-09-10,536.098755,19.080000,0.060000,-1.410000,0.004346
2024-09-11,541.598511,17.690000,0.030000,-1.450000,0.010207
2024-09-12,546.160522,17.070000,0.040000,-1.380000,0.008388
2024-09-13,549.013000,16.560000,0.090000,-1.310000,0.005209
2024-09-16,549.823792,17.140000,0.070000,-1.330000,0.001476
2024-09-17,550.048462,17.610000,0.060000,-1.300000,0.000409
2024-09-18,548.417114,18.230000,0.090000,-1.140000,-0.002970
2024-09-19,557.775513,16.330000,0.140000,-1.070000,0.016920
2024-09-20,556.811340,16.150000,0.180000,-1.020000,-0.001730
2024-09-23,558.202759,15.890000,0.180000,-0.970000,0.002496
2024-09-24,559.799927,15.390000,0.250000,-0.950000,0.002857
2024-09-25,558.565369,15.410000,0.260000,-0.900000,-0.002208
2024-09-26,560.779846,15.370000,0.190000,-0.890000,0.003957
2024-09-27,559.966492,16.960000,0.200000,-0.930000,-0.001451
2024-09-30,562.210449,16.730000,0.150000,-0.920000,0.003999
2024-10-01,557.173889,19.260000,0.130000,-0.970000,-0.008999
2024-10-02,557.408997,18.900000,0.160000,-0.900000,0.000422
2024-10-03,556.389954,20.490000,0.150000,-0.830000,-0.001830
2024-10-04,561.446045,19.210000,0.050000,-0.750000,0.009046
2024-10-07,556.370422,22.640000,0.040000,-0.740000,-0.009081
2024-10-08,561.632263,21.420000,0.060000,-0.710000,0.009413
2024-10-09,565.522461,20.860000,0.070000,-0.690000,0.006903
2024-10-10,564.532776,20.930000,0.110000,-0.660000,-0.001752
2024-10-11,567.913330,20.460000,0.130000,-0.650000,0.005970
2024-10-14,572.557922,19.700000,0.130000,-0.650000,0.008145
2024-10-15,568.109314,20.640000,0.080000,-0.700000,-0.007800
2024-10-16,570.578552,19.580000,0.090000,-0.700000,0.004337
2024-10-17,570.627502,19.110000,0.130000,-0.650000,0.000086
2024-10-18,572.822510,18.030000,0.130000,-0.650000,0.003839
2024-10-21,571.881714,18.370000,0.170000,-0.540000,-0.001644
2024-10-22,571.578003,18.200000,0.170000,-0.520000,-0.000531
2024-10-23,566.355286,19.240000,0.170000,-0.490000,-0.009179
2024-10-24,567.580139,19.080000,0.140000,-0.490000,0.002160
2024-10-25,567.384033,20.330000,0.140000,-0.480000,-0.000346
2024-10-28,569.138184,19.800000,0.160000,-0.420000,0.003087
2024-10-29,570.059204,19.340000,0.170000,-0.420000,0.001617
2024-10-30,568.334656,20.350000,0.140000,-0.380000,-0.003030
2024-10-31,557.193481,23.160000,0.120000,-0.360000,-0.019798
2024-11-01,559.545166,21.880000,0.160000,-0.240000,0.004212
2024-11-04,558.339966,21.980000,0.140000,-0.340000,-0.002156
2024-11-05,565.091248,20.490000,0.070000,-0.380000,0.012019
2024-11-06,579.142639,16.270000,0.150000,-0.220000,0.024562
2024-11-07,583.620667,15.200000,0.100000,-0.320000,0.007702
2024-11-08,586.148621,14.940000,0.040000,-0.330000,0.004322
2024-11-11,586.707214,14.970000,0.040000,-0.330000,0.000953
2024-11-12,584.884644,14.710000,0.090000,-0.200000,-0.003111
2024-11-13,585.168762,14.020000,0.170000,-0.160000,0.000486
2024-11-14,581.406067,14.310000,0.090000,-0.180000,-0.006451
2024-11-15,573.959167,16.140000,0.120000,-0.170000,-0.012891
2024-11-18,576.310791,15.580000,0.130000,-0.210000,0.004089
2024-11-19,578.417542,16.350000,0.120000,-0.230000,0.003649
2024-11-20,578.613403,17.160000,0.100000,-0.210000,0.000339
2024-11-21,581.719604,16.870000,0.090000,-0.200000,0.005354
2024-11-22,583.522583,15.240000,0.040000,-0.220000,0.003095
2024-11-25,585.502014,14.600000,0.060000,-0.350000,0.003386
2024-11-26,588.559143,14.100000,0.090000,-0.310000,0.005208
2024-11-27,586.775757,14.100000,0.060000,-0.350000,-0.003035
2024-11-29,590.420959,13.510000,0.050000,-0.400000,0.006193
2024-12-02,591.479187,13.340000,0.020000,-0.320000,0.001791
2024-12-03,591.753540,13.300000,0.060000,-0.260000,0.000464
2024-12-04,595.428040,13.450000,0.060000,-0.280000,0.006190
2024-12-05,594.448181,13.540000,0.020000,-0.290000,-0.001647
2024-12-06,595.574951,12.770000,0.050000,-0.270000,0.001894
2024-12-09,592.508057,14.190000,0.070000,-0.220000,-0.005163
2024-12-10,590.665894,14.180000,0.070000,-0.190000,-0.003114
2024-12-11,595.232117,13.580000,0.110000,-0.120000,0.007701
2024-12-12,592.165161,13.920000,0.140000,-0.030000,-0.005166
2024-12-13,592.047424,13.810000,0.150000,0.060000,-0.000199
2024-12-16,594.575562,14.690000,0.140000,0.020000,0.004261
2024-12-17,592.125793,15.870000,0.150000,0.020000,-0.004129
2024-12-18,574.478455,27.620000,0.150000,0.140000,-0.030257
2024-12-19,574.302063,24.090000,0.250000,0.220000,-0.000307
2024-12-20,581.199951,18.360000,0.220000,0.180000,0.011939
2024-12-23,584.680298,16.780000,0.290000,0.230000,0.005970
2024-12-24,591.179077,14.270000,0.300000,0.190000,0.011054
2024-12-26,591.218445,14.730000,0.280000,0.230000,0.000067
2024-12-27,584.994995,15.950000,0.310000,0.310000,-0.010582
2024-12-30,578.319275,17.400000,0.310000,0.180000,-0.011477
2024-12-31,576.215332,17.350000,0.330000,0.210000,-0.003645
2025-01-02,574.799500,17.930000,0.320000,0.210000,-0.002460
2025-01-03,581.986511,16.130000,0.320000,0.260000,0.012426
2025-01-06,585.339050,16.040000,0.340000,0.270000,0.005744
2025-01-07,578.722412,17.820000,0.370000,0.320000,-0.011368
2025-01-08,579.567871,17.700000,0.390000,0.320000,0.001460
2025-01-10,570.719299,19.540000,0.370000,0.410000,-0.015385
2025-01-13,571.604248,19.190000,0.390000,0.420000,0.001549
2025-01-14,572.390686,18.710000,0.410000,0.420000,0.001375
2025-01-15,582.802490,16.120000,0.390000,0.310000,0.018027
2025-01-16,581.681702,16.600000,0.380000,0.270000,-0.001925
2025-01-17,587.521729,15.970000,0.340000,0.270000,0.009990
2025-01-21,592.899597,15.060000,0.280000,0.210000,0.009112
2025-01-22,596.232605,15.100000,0.310000,0.240000,0.005606
2025-01-23,599.486816,15.020000,0.360000,0.290000,0.005443
2025-01-24,597.736816,14.850000,0.360000,0.280000,-0.002923
2025-01-27,589.281555,17.900000,0.360000,0.210000,-0.014246
2025-01-28,594.344910,16.410000,0.360000,0.240000,0.008556
2025-01-29,591.680542,16.560000,0.340000,0.240000,-0.004493
2025-01-30,594.856140,15.840000,0.340000,0.220000,0.005353
2025-01-31,591.690308,16.430000,0.360000,0.270000,-0.005336
2025-02-03,587.708435,18.620000,0.280000,0.200000,-0.006752
2025-02-04,591.651062,17.210000,0.310000,0.190000,0.006686
2025-02-05,594.049988,15.770000,0.260000,0.100000,0.004046
2025-02-06,596.114685,15.500000,0.240000,0.110000,0.003470
2025-02-07,590.658081,16.540000,0.200000,0.140000,-0.009196
2025-02-10,594.669312,15.810000,0.230000,0.160000,0.006768
2025-02-11,595.121582,16.020000,0.250000,0.190000,0.000760
2025-02-12,593.204407,15.890000,0.260000,0.270000,-0.003227
2025-02-13,599.467163,15.100000,0.210000,0.180000,0.010502
2025-02-14,599.437683,14.770000,0.210000,0.130000,-0.000049
2025-02-18,601.197571,15.350000,0.260000,0.210000,0.002932
2025-02-19,602.613403,15.270000,0.250000,0.190000,0.002352
2025-02-20,600.106262,15.660000,0.220000,0.170000,-0.004169
2025-02-21,589.841980,18.210000,0.230000,0.100000,-0.017252
2025-02-24,587.157959,18.980000,0.270000,0.090000,-0.004561
2025-02-25,584.237976,19.430000,0.230000,0.000000,-0.004985
2025-02-26,584.532776,19.100000,0.200000,-0.060000,0.000504
2025-02-27,575.202576,21.130000,0.220000,-0.030000,-0.016091
2025-02-28,584.178955,19.630000,0.250000,-0.080000,0.015485
2025-03-03,573.944092,22.780000,0.200000,-0.190000,-0.017675
2025-03-04,567.150452,23.510000,0.260000,-0.120000,-0.011907
2025-03-05,573.246094,21.930000,0.290000,-0.070000,0.010690
2025-03-06,563.070374,24.870000,0.330000,-0.050000,-0.017910
2025-03-07,566.226257,23.370000,0.330000,-0.020000,0.005589
2025-03-10,551.144592,27.860000,0.330000,-0.110000,-0.026997
2025-03-11,546.562805,26.920000,0.340000,-0.060000,-0.008348
2025-03-12,549.463318,24.230000,0.310000,-0.030000,0.005293
2025-03-13,542.138672,24.660000,0.330000,-0.070000,-0.013420
2025-03-14,553.336975,21.770000,0.290000,-0.020000,0.020445
2025-03-17,557.603821,20.510000,0.250000,-0.030000,0.007682
2025-03-18,551.577087,21.700000,0.250000,-0.050000,-0.010867
2025-03-19,557.584167,19.900000,0.260000,-0.080000,0.010832
2025-03-20,555.971863,19.800000,0.290000,-0.090000,-0.002896
2025-03-21,556.155212,19.280000,0.310000,-0.080000,0.000330
2025-03-24,566.115234,17.480000,0.300000,0.010000,0.017750
2025-03-25,567.475952,17.150000,0.350000,-0.020000,0.002401
2025-03-26,560.701294,18.330000,0.370000,0.020000,-0.012010
2025-03-27,559.212280,18.690000,0.410000,0.050000,-0.002659
2025-03-28,547.950745,21.650000,0.380000,-0.060000,-0.020344
2025-03-31,551.628967,22.280000,0.340000,-0.090000,0.006690
2025-04-01,553.187073,21.770000,0.300000,-0.150000,0.002821
2025-04-02,556.687805,21.510000,0.290000,-0.120000,0.006308
2025-04-03,529.253845,30.020000,0.350000,-0.250000,-0.050536
2025-04-04,498.269684,45.310000,0.330000,-0.270000,-0.060327
2025-04-07,497.382202,46.980000,0.420000,-0.140000,-0.001783
2025-04-08,489.591797,52.330000,0.550000,-0.050000,-0.015787
2025-04-09,541.008423,33.620000,0.430000,-0.010000,0.099863
2025-04-10,517.301880,40.720000,0.560000,0.060000,-0.044808
2025-04-11,526.531982,37.560000,0.520000,0.140000,0.017685
2025-04-14,531.640137,30.890000,0.540000,0.050000,0.009655
2025-04-15,530.151123,30.120000,0.510000,0.020000,-0.002805
2025-04-16,518.366821,32.640000,0.520000,-0.040000,-0.022479
2025-04-17,519.106506,29.650000,0.530000,0.000000,0.001426
2025-04-21,506.750397,33.820000,0.670000,0.080000,-0.024091
2025-04-22,519.934875,30.570000,0.650000,0.080000,0.025685
2025-04-23,527.991516,28.450000,0.590000,0.070000,0.015377
2025-04-24,539.105225,26.470000,0.550000,0.000000,0.020831
2025-04-25,543.000305,24.840000,0.550000,-0.030000,0.007199
2025-04-28,543.207397,25.150000,0.560000,-0.090000,0.000381
2025-04-29,546.629272,24.170000,0.540000,-0.120000,0.006280
2025-04-30,546.846191,24.700000,0.570000,-0.140000,0.000397
2025-05-01,550.721680,24.600000,0.550000,-0.060000,0.007062
2025-05-02,558.896729,22.680000,0.500000,0.000000,0.014735
2025-05-05,555.691833,23.640000,0.530000,0.030000,-0.005751
2025-05-06,551.047058,24.760000,0.520000,-0.030000,-0.008394
2025-05-07,553.364563,23.550000,0.480000,-0.080000,0.004197
2025-05-08,557.220276,22.480000,0.470000,0.030000,0.006944
2025-05-09,556.510315,21.900000,0.490000,0.030000,-0.001275
2025-05-12,574.901550,18.390000,0.470000,0.030000,0.032513
2025-05-13,578.698181,18.220000,0.470000,0.080000,0.006582
2025-05-14,579.437683,18.620000,0.480000,0.120000,0.001277
2025-05-15,582.267883,17.830000,0.490000,0.070000,0.004873
2025-05-16,585.955994,17.240000,0.450000,0.060000,0.006314
2025-05-19,586.596924,18.140000,0.490000,0.070000,0.001093
2025-05-20,584.624756,18.090000,0.510000,0.100000,-0.003368
2025-05-21,574.773315,20.870000,0.580000,0.220000,-0.016994
2025-05-22,575.000183,20.280000,0.540000,0.170000,0.000395
2025-05-23,571.075256,22.290000,0.510000,0.150000,-0.006849
2025-05-27,582.948303,18.960000,0.510000,0.080000,0.020578
2025-05-28,579.575745,19.310000,0.510000,0.120000,-0.005802
2025-05-29,581.863586,19.180000,0.510000,0.070000,0.003940
2025-05-30,581.212708,18.570000,0.520000,0.050000,-0.001119
2025-06-02,584.486694,18.360000,0.520000,0.020000,0.005617
2025-06-03,587.819763,17.690000,0.500000,0.030000,0.005686
2025-06-04,587.661987,17.610000,0.500000,-0.070000,-0.000268
2025-06-05,584.821899,18.480000,0.480000,-0.040000,-0.004845
2025-06-06,590.827454,16.770000,0.470000,0.080000,0.010217
2025-06-09,591.359924,17.160000,0.480000,0.050000,0.000901
2025-06-10,594.712830,16.950000,0.460000,0.020000,0.005654
2025-06-11,593.016602,17.260000,0.470000,-0.040000,-0.002856
2025-06-12,595.373474,18.020000,0.460000,-0.100000,0.003967
2025-06-13,588.717224,20.820000,0.450000,-0.040000,-0.011243
2025-06-16,594.318298,19.110000,0.490000,0.030000,0.009469
2025-06-17,589.239868,21.600000,0.450000,-0.030000,-0.008582
2025-06-18,589.151001,20.140000,0.440000,-0.040000,-0.000151
2025-06-20,587.767456,20.620000,0.480000,-0.010000,-0.002351
2025-06-23,593.572998,19.830000,0.500000,-0.040000,0.009829
2025-06-24,600.130371,17.480000,0.550000,-0.080000,0.010987
2025-06-25,600.466614,16.760000,0.550000,-0.090000,0.000560
2025-06-26,605.164673,16.590000,0.560000,-0.130000,0.007794
2025-06-27,608.171326,16.320000,0.560000,-0.100000,0.004956
2025-06-30,611.079041,16.730000,0.520000,-0.170000,0.004770
2025-07-01,610.881287,16.830000,0.480000,-0.140000,-0.000324
2025-07-02,613.650574,16.640000,0.520000,-0.110000,0.004523
2025-07-03,618.487061,16.380000,0.470000,-0.070000,0.007851
2025-07-07,613.878052,17.790000,0.500000,-0.020000,-0.007480
2025-07-08,613.541809,16.810000,0.520000,0.000000,-0.000548
2025-07-09,617.221008,15.940000,0.480000,-0.080000,0.005979
2025-07-10,618.961670,15.780000,0.490000,-0.070000,0.002816
2025-07-11,616.785828,16.400000,0.530000,0.020000,-0.003522
2025-07-14,617.962769,17.200000,0.530000,0.010000,0.001906
2025-07-15,615.322083,17.380000,0.550000,0.080000,-0.004282
2025-07-16,617.379211,17.160000,0.580000,0.050000,0.003338
2025-07-17,621.157410,16.520000,0.560000,0.060000,0.006101
2025-07-18,620.702454,16.410000,0.560000,0.040000,-0.000733
2025-07-21,621.879395,16.650000,0.530000,-0.030000,0.001894
2025-07-22,621.968384,16.500000,0.520000,-0.060000,0.000143
2025-07-23,627.259766,15.370000,0.520000,-0.010000,0.008471
2025-07-24,627.467468,15.390000,0.520000,0.010000,0.000331
2025-07-25,630.118042,14.930000,0.490000,-0.020000,0.004215
2025-07-28,629.959900,15.030000,0.510000,0.020000,-0.000251
2025-07-29,628.298279,15.980000,0.480000,-0.060000,-0.002641
2025-07-30,627.507080,15.480000,0.440000,-0.030000,-0.001260
2025-07-31,625.153137,16.720000,0.430000,-0.040000,-0.003758
2025-08-01,614.906616,20.380000,0.540000,-0.120000,-0.016526
2025-08-04,624.253052,17.520000,0.530000,-0.130000,0.015085
2025-08-05,621.088135,17.850000,0.500000,-0.120000,-0.005083
2025-08-06,625.845520,16.770000,0.530000,-0.100000,0.007631
2025-08-07,625.321289,16.570000,0.510000,-0.090000,-0.000838
2025-08-08,630.197266,15.150000,0.510000,-0.050000,0.007767
2025-08-11,628.951050,16.250000,0.510000,-0.070000,-0.001979
2025-08-12,635.646851,14.730000,0.570000,-0.040000,0.010590
2025-08-13,637.822754,14.490000,0.570000,-0.050000,0.003417
2025-08-14,637.882141,14.830000,0.550000,-0.010000,0.000093
2025-08-15,636.388672,15.090000,0.580000,0.030000,-0.002344
2025-08-18,636.250183,14.990000,0.570000,0.010000,-0.000218
2025-08-19,632.798401,15.570000,0.550000,0.000000,-0.005440
2025-08-20,631.117004,15.690000,0.550000,-0.010000,-0.002661
2025-08-21,628.585083,16.600000,0.540000,0.010000,-0.004020
2025-08-22,638.238159,14.220000,0.580000,-0.010000,0.015240
2025-08-25,635.429199,14.790000,0.550000,-0.010000,-0.004411
2025-08-26,638.089783,14.620000,0.650000,-0.020000,0.004178
2025-08-27,639.543640,14.850000,0.650000,-0.020000,0.002276
2025-08-28,641.808594,14.430000,0.600000,-0.040000,0.003535
2025-08-29,637.980957,15.360000,0.640000,0.000000,-0.005982
2025-09-02,633.253357,17.170000,0.620000,0.080000,-0.007438
2025-09-03,636.685303,16.350000,0.610000,0.040000,0.005405
2025-09-04,642.006470,15.300000,0.580000,0.010000,0.008323
2025-09-05,640.146912,15.180000,0.590000,0.030000,-0.002901
2025-09-08,641.719666,15.110000,0.560000,-0.050000,0.002454
2025-09-09,643.203125,15.040000,0.540000,-0.020000,0.002309
2025-09-10,645.062561,15.350000,0.500000,-0.050000,0.002887
2025-09-11,650.423096,14.710000,0.490000,-0.070000,0.008276
2025-09-12,650.205444,14.760000,0.500000,-0.020000,-0.000335
2025-09-15,653.667175,15.690000,0.510000,-0.010000,0.005310
2025-09-16,652.767151,16.360000,0.530000,0.000000,-0.001378
2025-09-17,651.956177,15.720000,0.540000,0.040000,-0.001243
2025-09-18,655.002380,15.700000,0.540000,0.080000,0.004662
2025-09-19,658.246521,15.450000,0.570000,0.110000,0.004941
2025-09-22,661.360718,16.100000,0.540000,0.150000,0.004720
2025-09-23,657.760620,16.640000,0.590000,0.120000,-0.005458
2025-09-24,655.667847,16.180000,0.590000,0.140000,-0.003187
2025-09-25,652.642944,16.740000,0.540000,0.140000,-0.004624
2025-09-26,656.382019,15.290000,0.570000,0.180000,0.005713
2025-09-29,658.226685,16.120000,0.520000,0.110000,0.002806
2025-09-30,660.706116,16.280000,0.560000,0.140000,0.003760
2025-10-01,662.957520,16.290000,0.570000,0.110000,0.003402
2025-10-02,663.721069,16.630000,0.550000,0.080000,0.001151
2025-10-03,663.711243,16.650000,0.550000,0.100000,-0.000015
2025-10-06,666.091492,16.370000,0.580000,0.160000,0.003580
2025-10-07,663.621948,17.240000,0.570000,0.130000,-0.003714
2025-10-08,667.579163,16.300000,0.550000,0.120000,0.005945
2025-10-09,665.645203,16.430000,0.540000,0.110000,-0.002901
2025-10-10,647.654236,21.660000,0.530000,0.030000,-0.027400
2025-10-13,657.591919,19.030000,0.530000,0.030000,0.015228
2025-10-14,656.788574,20.810000,0.550000,0.010000,-0.001222
2025-10-15,659.704468,20.640000,0.550000,0.020000,0.004430
2025-10-16,655.211670,25.310000,0.580000,-0.030000,-0.006834
2025-10-17,658.930847,20.780000,0.560000,0.020000,0.005660
2025-10-20,665.784058,18.230000,0.540000,0.030000,0.010347
2025-10-21,665.774048,17.870000,0.530000,0.020000,-0.000015
2025-10-22,662.312805,18.600000,0.520000,0.010000,-0.005212
2025-10-23,666.240295,17.300000,0.530000,0.060000,0.005912
2025-10-24,671.685181,16.370000,0.540000,0.090000,0.008139
2025-10-27,679.609497,15.790000,0.530000,0.120000,0.011729
2025-10-28,681.414551,16.420000,0.520000,0.100000,0.002652
2025-10-29,681.741821,16.920000,0.490000,0.150000,0.000480
2025-10-30,674.243958,16.910000,0.500000,0.190000,-0.011059
2025-10-31,676.455627,17.440000,0.510000,0.220000,0.003275
2025-11-03,677.725159,17.170000,0.530000,0.150000,0.001875
2025-11-04,669.691711,19.000000,0.520000,0.140000,-0.011924
2025-11-05,672.012451,18.010000,0.540000,0.210000,0.003459
2025-11-06,664.802185,19.500000,0.540000,0.180000,-0.010787
2025-11-07,665.456726,19.080000,0.560000,0.190000,0.000984
2025-11-10,675.840759,17.600000,0.550000,0.180000,0.015484
2025-11-11,677.387878,17.280000,0.550000,0.180000,0.002287
2025-11-12,677.764771,17.510000,0.520000,0.130000,0.000556
2025-11-13,666.517944,20.000000,0.530000,0.150000,-0.016733
2025-11-14,666.408936,19.830000,0.520000,0.190000,-0.000164
2025-11-17,660.200317,22.380000,0.530000,0.160000,-0.009360
2025-11-18,654.656311,24.690000,0.540000,0.180000,-0.008433
2025-11-19,657.185364,23.660000,0.550000,0.180000,0.003856
2025-11-20,647.168335,26.420000,0.550000,0.160000,-0.015360
2025-11-21,653.614929,23.430000,0.550000,0.160000,0.009912
2025-11-24,663.235107,20.520000,0.580000,0.130000,0.014611
2025-11-25,669.473450,18.560000,0.580000,0.110000,0.009362
2025-11-26,674.095215,17.190000,0.550000,0.080000,0.006880
2025-11-28,677.774719,16.350000,0.550000,0.140000,0.005444
2025-12-01,674.680359,17.240000,0.550000,0.280000,-0.004576
2025-12-02,675.930054,16.590000,0.580000,0.320000,0.001851
2025-12-03,678.270630,16.080000,0.570000,0.340000,0.003457
2025-12-04,678.766479,15.780000,0.590000,0.400000,0.000731
2025-12-05,680.055786,15.410000,0.580000,0.430000,0.001898
2025-12-08,678.012756,16.660000,0.600000,0.440000,-0.003009
2025-12-09,677.427490,16.930000,0.570000,0.450000,-0.000864
2025-12-10,681.920410,15.770000,0.590000,0.440000,0.006610
2025-12-11,683.507202,14.850000,0.620000,0.480000,0.002324
2025-12-12,676.158081,15.740000,0.670000,0.560000,-0.010810
2025-12-15,675.136536,16.500000,0.670000,0.530000,-0.001512
2025-12-16,673.291870,16.480000,0.670000,0.510000,-0.002736
2025-12-17,665.883240,17.620000,0.670000,0.520000,-0.011065
2025-12-18,670.911499,16.870000,0.660000,0.500000,0.007523
2025-12-19,676.992310,14.910000,0.680000,0.540000,0.009023
2025-12-22,681.209900,14.080000,0.730000,0.530000,0.006211
2025-12-23,684.323303,14.000000,0.700000,0.530000,0.004560
2025-12-24,686.730530,13.470000,0.680000,0.460000,0.003512
2025-12-26,686.660889,13.600000,0.680000,0.500000,-0.000101
2025-12-29,684.213867,14.200000,0.670000,0.440000,-0.003570
2025-12-30,683.378357,14.330000,0.690000,0.490000,-0.001222
2025-12-31,678.315247,14.950000,0.710000,0.510000,-0.007437
2026-01-02,679.558594,14.510000,0.720000,0.540000,0.001831
2026-01-05,684.084534,14.900000,0.710000,0.530000,0.006638
2026-01-06,688.152954,14.750000,0.710000,0.550000,0.005930
2026-01-07,685.934753,15.380000,0.680000,0.530000,-0.003229
2026-01-08,685.865112,15.450000,0.700000,0.570000,-0.000102
2026-01-09,690.401001,14.490000,0.640000,0.560000,0.006592
2026-01-12,691.485229,15.120000,0.650000,0.520000,0.001569
2026-01-13,690.102600,15.980000,0.650000,0.510000,-0.002002
2026-01-14,686.710632,16.750000,0.640000,0.480000,-0.004927
2026-01-15,688.580688,15.840000,0.610000,0.490000,0.002720
2026-01-16,688.003723,15.860000,0.650000,0.570000,-0.000838
2026-01-20,673.998169,20.090000,0.700000,0.600000,-0.020567
2026-01-21,681.776855,16.900000,0.660000,0.560000,0.011475
2026-01-22,685.337952,15.640000,0.650000,0.550000,0.005210
2026-01-23,685.586548,16.090000,0.640000,0.540000,0.000363
2026-01-26,689.068054,16.150000,0.660000,0.550000,0.005065
2026-01-27,691.813477,16.350000,0.710000,0.570000,0.003976
2026-01-28,691.743835,16.350000,0.700000,0.580000,-0.000101
2026-01-29,690.371155,16.880000,0.710000,0.570000,-0.001986
2026-01-30,688.312073,17.440000,0.740000,0.590000,-0.002987
2026-02-02,691.733948,16.340000,0.720000,0.600000,0.004959
2026-02-03,685.885010,18.000000,0.710000,0.590000,-0.008491
2026-02-04,682.562683,18.640000,0.720000,0.600000,-0.004856
2026-02-05,674.037964,21.770000,0.740000,0.540000,-0.012568
2026-02-06,686.969238,17.760000,0.720000,0.540000,0.019003
2026-02-09,690.281677,17.360000,0.740000,0.530000,0.004810
2026-02-10,688.461304,17.790000,0.710000,0.470000,-0.002641
2026-02-11,688.302185,17.650000,0.660000,0.480000,-0.000231
2026-02-12,677.668701,20.820000,0.620000,0.390000,-0.015569
2026-02-13,678.146118,20.600000,0.640000,0.360000,0.000704
2026-02-17,679.240295,20.290000,0.620000,0.360000,0.001612
2026-02-18,682.662109,19.620000,0.620000,0.390000,0.005025
2026-02-19,680.861633,20.230000,0.610000,0.390000,-0.002641
2026-02-20,685.785583,19.090000,0.600000,0.390000,0.007206
2026-02-23,678.782776,21.010000,0.600000,0.340000,-0.010264
2026-02-24,683.716492,19.550000,0.610000,0.350000,0.007242
2026-02-25,689.485901,17.930000,0.600000,0.360000,0.008403
2026-02-26,685.656189,18.630000,0.600000,0.340000,-0.005570
2026-02-27,682.363708,19.860000,0.590000,0.300000,-0.004814
2026-03-02,682.751709,21.440000,0.580000,0.330000,0.000568
2026-03-03,676.733704,23.570000,0.550000,0.350000,-0.008853
2026-03-04,681.508240,21.150000,0.550000,0.380000,0.007030
2026-03-05,677.708496,23.750000,0.560000,0.430000,-0.005591
2026-03-06,668.825684,29.490000,0.590000,0.460000,-0.013194
2026-03-09,674.684570,25.500000,0.560000,0.410000,0.008722
2026-03-10,673.600281,24.930000,0.580000,0.440000,-0.001608
2026-03-11,672.754822,24.230000,0.570000,0.500000,-0.001256
2026-03-12,662.539062,27.290000,0.510000,0.550000,-0.015301
2026-03-13,658.789001,27.190000,0.550000,0.560000,-0.005676
2026-03-16,665.493408,23.510000,0.550000,0.510000,0.010125
2026-03-17,667.244019,22.370000,0.520000,0.480000,0.002627
2026-03-18,657.933533,25.090000,0.500000,0.530000,-0.014052
2026-03-19,656.312195,24.060000,0.460000,0.520000,-0.002467
2026-03-20,646.903442,26.780000,0.510000,0.650000,-0.014440
2026-03-23,653.695923,26.150000,0.510000,0.600000,0.010445
2026-03-24,651.501587,26.950000,0.490000,0.650000,-0.003362
2026-03-25,655.132202,25.330000,0.490000,0.600000,0.005557
2026-03-26,643.432373,27.440000,0.460000,0.690000,-0.018020
2026-03-27,632.460632,31.050000,0.560000,0.710000,-0.017199
2026-03-30,630.346069,30.610000,0.530000,0.640000,-0.003349
2026-03-31,648.668884,25.250000,0.510000,0.600000,0.028653
2026-04-01,653.556274,24.540000,0.520000,0.630000,0.007506
2026-04-02,654.144775,23.870000,0.520000,0.610000,0.000900
2026-04-06,657.236816,24.170000,0.500000,0.620000,0.004716
2026-04-07,657.526001,25.780000,0.520000,0.620000,0.000440
2026-04-08,674.272949,21.040000,0.500000,0.600000,0.025151
2026-04-09,678.162842,19.490000,0.510000,0.610000,0.005752
2026-04-10,677.714050,19.230000,0.500000,0.620000,-0.000662
2026-04-13,684.336975,19.120000,0.520000,0.590000,0.009725
2026-04-14,692.675537,18.360000,0.500000,0.550000,0.012111
2026-04-15,698.141418,18.170000,0.530000,0.580000,0.007860
2026-04-16,699.856995,17.940000,0.540000,0.620000,0.002454
2026-04-17,708.315247,17.480000,0.550000,0.560000,0.012013
2026-04-20,706.898804,18.870000,0.540000,0.550000,-0.002002
2026-04-21,702.270813,19.500000,0.520000,0.610000,-0.006568
2026-04-22,709.382507,18.920000,0.510000,0.610000,0.010076
2026-04-23,706.629578,19.310000,0.510000,0.650000,-0.003888
2026-04-24,712.105469,18.710000,0.530000,0.620000,0.007719
2026-04-27,713.332275,18.020000,0.570000,0.670000,0.001721
2026-04-28,709.861206,17.830000,0.520000,0.680000,-0.004878
2026-04-29,709.751526,18.810000,0.500000,0.740000,-0.000155
2026-04-30,716.813293,16.890000,0.520000,0.720000,0.009900
2026-05-01,718.798218,16.990000,0.510000,0.710000,0.002765
2026-05-04,716.164978,18.290000,0.500000,0.750000,-0.003670
2026-05-05,721.910217,17.380000,0.500000,0.740000,0.007990
2026-05-06,731.944336,17.390000,0.490000,0.670000,0.013804
2026-05-07,729.700134,17.080000,0.490000,0.720000,-0.003071
2026-05-08,735.724609,17.190000,0.480000,0.690000,0.008222
2026-05-11,737.400269,18.380000,0.470000,0.720000,0.002275
2026-05-12,736.283142,17.990000,0.460000,0.760000,-0.001516
2026-05-13,740.402527,17.870000,0.480000,0.770000,0.005579
2026-05-14,746.247498,17.260000,0.470000,0.780000,0.007863
2026-05-15,737.270630,18.430000,0.500000,0.900000,-0.012102
2026-05-18,736.751953,17.820000,0.540000,0.930000,-0.000704
2026-05-19,731.844604,18.060000,0.540000,1.000000,-0.006683
2026-05-20,739.345276,17.440000,0.530000,0.920000,0.010197
2026-05-21,740.811462,16.760000,0.490000,0.890000,0.001981
2026-05-22,743.723999,16.700000,0.430000,0.880000,0.003924
2026-05-26,748.661316,17.010000,0.490000,0.820000,0.006617
2026-05-27,748.531616,16.290000,0.480000,0.800000,-0.000173
2026-05-28,752.660950,15.740000,0.460000,0.760000,0.005501
2026-05-29,754.536133,15.320000,0.470000,0.760000,0.002488
2026-06-01,756.590820,16.050000,0.420000,0.690000,0.002719
2026-06-02,757.618225,15.770000,0.410000,0.690000,0.001357
2026-06-03,752.301880,16.060000,0.410000,0.710000,-0.007042
2026-06-04,755.144592,15.400000,0.420000,0.690000,0.003772
2026-06-05,735.654785,21.510000,0.380000,0.770000,-0.026148
2026-06-08,737.320435,18.920000,0.410000,0.760000,0.002262
2026-06-09,735.156067,19.870000,0.400000,0.740000,-0.002940
2026-06-10,723.565918,22.220000,0.420000,0.760000,-0.015891
2026-06-11,735.864258,19.440000,0.400000,0.670000,0.016854
2026-06-12,739.843994,17.680000,0.390000,0.700000,0.005394
2026-06-15,752.890381,16.200000,0.400000,0.680000,0.017480
2026-06-16,748.401978,16.410000,0.380000,0.640000,-0.005979
2026-06-17,739.056030,18.440000,0.290000,0.660000,-0.012566
2026-06-18,746.739990,16.400000,0.270000,0.630000,0.010343
2026-06-22,744.390015,17.280000,0.270000,0.660000,-0.003152
2026-06-23,733.580017,19.490000,0.340000,0.650000,-0.014628
2026-06-24,733.239990,18.630000,0.300000,0.560000,-0.000464
2026-06-25,734.299988,18.890000,0.310000,0.560000,0.001445
2026-06-26,728.989990,18.410000,0.310000,0.550000,-0.007258
2026-06-29,741.000000,17.650000,0.280000,0.510000,0.016341
2026-06-30,746.770020,16.450000,0.300000,0.570000,0.007757
2026-07-01,745.760010,16.590000,0.310000,0.630000,-0.001353
2026-07-02,744.780029,16.150000,0.350000,0.670000,-0.001315
2026-07-06,751.280029,15.570000,0.350000,0.610000,0.008690
2026-07-07,747.710022,16.130000,0.360000,0.690000,-0.004763
2026-07-08,745.400024,16.900000,0.350000,0.690000,-0.003094
2026-07-09,751.710022,15.840000,0.380000,0.710000,0.008430
2026-07-10,754.950012,15.030000,0.350000,0.710000,0.004301
2026-07-13,749.169983,17.160000,0.360000,0.730000,-0.007686
2026-07-14,751.830017,16.500000,0.400000,0.740000,0.003544
2026-07-15,754.809998,15.670000,0.420000,0.720000,0.003956
2026-07-16,750.719971,16.730000,0.410000,0.730000,-0.005433
2026-07-17,743.289978,18.770000,0.370000,0.700000,-0.009946
2026-07-20,742.090027,18.650000,0.390000,0.740000,-0.001616
2026-07-21,748.280029,17.050000,0.370000,0.760000,0.008307
2026-07-22,747.409973,16.640000,0.360000,0.780000,-0.001163
2026-07-23,738.179993,18.700000,0.340000,0.760000,-0.012426
2026-07-24,738.929993,18.580000,0.360000,0.730000,0.001015
2026-07-27,739.090027,18.670000,0.340000,0.690000,0.000217
2026-07-28,740.859985,18.210000,0.350000,0.710000,0.002392
2026-07-29,729.460022,20.660000,0.450000,0.840000,-0.015507
2026-07-30,741.690002,17.090000,0.450000,0.860000,0.016627
2026-07-31,747.030029,15.990000,0.470000,0.920000,0.007174
2026-08-03,757.669983,15.860000,0.450000,0.790000,0.014143
2026-08-04,771.330017,15.860000,0.430000,0.740000,0.017868
